Entrez,Ensembl,Symbol
64421,ENSG00000152457,DCLRE1C
5896,ENSG00000166349,RAG1
5897,ENSG00000175097,RAG2
326,ENSG00000160224,AIRE
1081,ENSG00000135346,CGA
7157,ENSG00000141510,TP53
3725,ENSG00000177606,JUN
1026,ENSG00000124762,CDKN1A
4790,ENSG00000109320,NFKB1
5970,ENSG00000173039,RELA
6772,ENSG00000115415,STAT1
5594,ENSG00000100030,MAPK1
5595,ENSG00000102882,MAPK3
5747,ENSG00000169398,PTK2
6850,ENSG00000165025,SYK
1499,ENSG00000168036,CTNNB1
7046,ENSG00000106799,TGFBR1
5879,ENSG00000136238,RAC1
581,ENSG00000087088,BAX
1956,ENSG00000146648,EGFR
9131,ENSG00000156709,AIFM1
596,ENSG00000171791,BCL2
4609,ENSG00000136997,MYC
5599,ENSG00000107643,MAPK8
5601,ENSG00000050748,MAPK9
5602,ENSG00000109339,MAPK10
3002,ENSG00000100453,GZMB
2353,ENSG00000170345,FOS
701,ENSG00000156970,BUB1B
7879,ENSG00000075785,RAB7A
5290,ENSG00000121879,PIK3CA
5291,ENSG00000051382,PIK3CB
5293,ENSG00000171608,PIK3CD
5295,ENSG00000145675,PIK3R1
5296,ENSG00000105647,PIK3R2
8503,ENSG00000117461,PIK3R3
10000,ENSG00000117020,AKT3
207,ENSG00000142208,AKT1
208,ENSG00000105221,AKT2
102723407,ENSG00000275063,LOC102723407
1432,ENSG00000112062,MAPK14
5600,ENSG00000185386,MAPK11
5603,ENSG00000156711,MAPK13
6300,ENSG00000188130,MAPK12
836,ENSG00000164305,CASP3
10220,ENSG00000135414,GDF11
11035,ENSG00000129465,RIPK3
5777,ENSG00000111679,PTPN6
7189,ENSG00000175104,TRAF6
3661,ENSG00000126456,IRF3
3265,ENSG00000174775,HRAS
3845,ENSG00000133703,KRAS
4893,ENSG00000213281,NRAS
197259,ENSG00000168404,MLKL
3690,ENSG00000259207,ITGB3
6774,ENSG00000168610,STAT3
990,ENSG00000094804,CDC6
1385,ENSG00000118260,CREB1
114548,ENSG00000162711,NLRP3
7186,ENSG00000127191,TRAF2
93,ENSG00000114739,ACVR2B
3717,ENSG00000096968,JAK2
3718,ENSG00000105639,JAK3
718,ENSG00000125730,C3
8737,ENSG00000137275,RIPK1
4087,ENSG00000175387,SMAD2
4088,ENSG00000166949,SMAD3
998,ENSG00000070831,CDC42
2770,ENSG00000127955,GNAI1
2771,ENSG00000114353,GNAI2
2773,ENSG00000065135,GNAI3
637,ENSG00000015475,BID
2309,ENSG00000118689,FOXO3
1509,ENSG00000117984,CTSD
598,ENSG00000171552,BCL2L1
3689,ENSG00000160255,ITGB2
387,ENSG00000067560,RHOA
4772,ENSG00000131196,NFATC1
960,ENSG00000026508,CD44
841,ENSG00000064012,CASP8
10870,ENSG00000126264,HCST
3593,ENSG00000113302,IL12B
2660,ENSG00000138379,MSTN
595,ENSG00000110092,CCND1
3592,ENSG00000168811,IL12A
7057,ENSG00000137801,THBS1
4089,ENSG00000141646,SMAD4
6714,ENSG00000197122,SRC
29108,ENSG00000103490,PYCARD
8767,ENSG00000104312,RIPK2
1017,ENSG00000123374,CDK2
3553,ENSG00000125538,IL1B
5894,ENSG00000132155,RAF1
5156,ENSG00000134853,PDGFRA
4615,ENSG00000172936,MYD88
2885,ENSG00000177885,GRB2
3556,ENSG00000196083,IL1RAP
5781,ENSG00000179295,PTPN11
4170,ENSG00000143384,MCL1
4067,ENSG00000254087,LYN
3481,ENSG00000167244,IGF2
919,ENSG00000198821,CD247
983,ENSG00000170312,CDK1
2719,ENSG00000147257,GPC3
3565,ENSG00000113520,IL4
1234,ENSG00000160791,CCR5
4843,ENSG00000007171,NOS2
10379,ENSG00000213928,IRF9
8900,ENSG00000133101,CCNA1
92,ENSG00000121989,ACVR2A
3684,ENSG00000169896,ITGAM
2475,ENSG00000198793,MTOR
5579,ENSG00000166501,PRKCB
5289,ENSG00000078142,PIK3C3
57506,ENSG00000088888,MAVS
537,ENSG00000071553,ATP6AP1
7043,ENSG00000119699,TGFB3
1019,ENSG00000135446,CDK4
7852,ENSG00000121966,CXCR4
6773,ENSG00000170581,STAT2
3716,ENSG00000162434,JAK1
3586,ENSG00000136634,IL10
545,ENSG00000175054,ATR
6777,ENSG00000173757,STAT5B
6776,ENSG00000126561,STAT5A
60,ENSG00000075624,ACTB
71,ENSG00000184009,ACTG1
9700,ENSG00000135476,ESPL1
3594,ENSG00000096996,IL12RB1
7124,ENSG00000232810,TNF
2322,ENSG00000122025,FLT3
5925,ENSG00000139687,RB1
3683,ENSG00000005844,ITGAL
890,ENSG00000145386,CCNA2
842,ENSG00000132906,CASP9
3932,ENSG00000182866,LCK
5170,ENSG00000140992,PDPK1
11317,ENSG00000124232,RBPJL
3516,ENSG00000168214,RBPJ
3728,ENSG00000173801,JUP
5159,ENSG00000113721,PDGFRB
5880,ENSG00000128340,RAC2
3460,ENSG00000159128,IFNGR2
3459,ENSG00000027697,IFNGR1
27040,ENSG00000213658,LAT
5971,ENSG00000104856,RELB
472,ENSG00000149311,ATM
10666,ENSG00000150637,CD226
7099,ENSG00000136869,TLR4
834,ENSG00000137752,CASP1
2534,ENSG00000010810,FYN
10235,ENSG00000068831,RASGRP2
10125,ENSG00000172575,RASGRP1
5608,ENSG00000108984,MAP2K6
25780,ENSG00000152689,RASGRP3
3458,ENSG00000111537,IFNG
3320,ENSG00000080824,HSP90AA1
3326,ENSG00000096384,HSP90AB1
3569,ENSG00000136244,IL6
7297,ENSG00000105397,TYK2
815,ENSG00000070808,CAMK2A
816,ENSG00000058404,CAMK2B
817,ENSG00000145349,CAMK2D
818,ENSG00000148660,CAMK2G
2247,ENSG00000138685,FGF2
4791,ENSG00000077150,NFKB2
4193,ENSG00000135679,MDM2
356,ENSG00000117560,FASLG
94,ENSG00000139567,ACVRL1
64127,ENSG00000167207,NOD2
3606,ENSG00000150782,IL18
5335,ENSG00000124181,PLCG1
5336,ENSG00000197943,PLCG2
3665,ENSG00000185507,IRF7
6093,ENSG00000067900,ROCK1
9475,ENSG00000134318,ROCK2
4775,ENSG00000072736,NFATC3
7535,ENSG00000115085,ZAP70
6885,ENSG00000135341,MAP3K7
7097,ENSG00000137462,TLR2
7187,ENSG00000131323,TRAF3
5609,ENSG00000076984,MAP2K7
6778,ENSG00000166888,STAT6
30009,ENSG00000073861,TBX21
4214,ENSG00000095015,MAP3K1
3688,ENSG00000150093,ITGB1
994,ENSG00000101224,CDC25B
331,ENSG00000101966,XIAP
100528032,ENSG00000255819,KLRC4-KLRK1
22914,ENSG00000213809,KLRK1
5058,ENSG00000149269,PAK1
1027,ENSG00000111276,CDKN1B
3552,ENSG00000115008,IL1A
91,ENSG00000135503,ACVR1B
7422,ENSG00000112715,VEGFA
3815,ENSG00000157404,KIT
3105,ENSG00000206503,HLA-A
3106,ENSG00000234745,HLA-B
3107,ENSG00000204525,HLA-C
3133,ENSG00000204592,HLA-E
3134,ENSG00000204642,HLA-F
3135,ENSG00000204632,HLA-G
1436,ENSG00000182578,CSF1R
468,ENSG00000128272,ATF4
5923,ENSG00000058335,RASGRF1
5924,ENSG00000113319,RASGRF2
115727,ENSG00000171777,RASGRP4
4605,ENSG00000101057,MYBL2
6416,ENSG00000065559,MAP2K4
6382,ENSG00000115884,SDC1
4854,ENSG00000074181,NOTCH3
6775,ENSG00000138378,STAT4
329,ENSG00000110330,BIRC2
330,ENSG00000023445,BIRC3
1978,ENSG00000187840,EIF4EBP1
64170,ENSG00000187796,CARD9
3480,ENSG00000140443,IGF1R
7305,ENSG00000011600,TYROBP
10744,ENSG00000250254,PTTG2
9232,ENSG00000164611,PTTG1
382,ENSG00000165527,ARF6
5610,ENSG00000055332,EIF2AK2
4217,ENSG00000197442,MAP3K5
8517,ENSG00000269335,IKBKG
7249,ENSG00000103197,TSC2
146850,ENSG00000276231,PIK3R6
23533,ENSG00000141506,PIK3R5
5294,ENSG00000105851,PIK3CG
4773,ENSG00000101096,NFATC2
10912,ENSG00000130222,GADD45G
1647,ENSG00000116717,GADD45A
4616,ENSG00000099860,GADD45B
22800,ENSG00000133818,RRAS2
22808,ENSG00000158186,MRAS
6237,ENSG00000126458,RRAS
5578,ENSG00000154229,PRKCA
2932,ENSG00000082701,GSK3B
3456,ENSG00000171855,IFNB1
2260,ENSG00000077782,FGFR1
7412,ENSG00000162692,VCAM1
3576,ENSG00000169429,CXCL8
1147,ENSG00000213341,CHUK
6696,ENSG00000118785,SPP1
10673,ENSG00000102524,TNFSF13B
23765,ENSG00000177663,IL17RA
2213,ENSG00000072694,FCGR2B
4914,ENSG00000198400,NTRK1
5881,ENSG00000169750,RAC3
3627,ENSG00000169245,CXCL10
5743,ENSG00000073756,PTGS2
3551,ENSG00000104365,IKBKB
7410,ENSG00000160293,VAV2
148022,ENSG00000127666,TICAM1
3559,ENSG00000134460,IL2RA
3605,ENSG00000112115,IL17A
112744,ENSG00000112116,IL17F
2064,ENSG00000141736,ERBB2
2625,ENSG00000107485,GATA3
51561,ENSG00000110944,IL23A
993,ENSG00000164045,CDC25A
6929,ENSG00000071564,TCF3
720,ENSG00000244731,C4A
721,ENSG00000224389,C4B
9020,ENSG00000006062,MAP3K14
8792,ENSG00000141655,TNFRSF11A
355,ENSG00000026103,FAS
6688,ENSG00000066336,SPI1
5819,ENSG00000130202,NECTIN2
1520,ENSG00000163131,CTSS
3383,ENSG00000090339,ICAM1
3595,ENSG00000081985,IL12RB2
1439,ENSG00000100368,CSF2RB
3563,ENSG00000185291,IL3RA
5606,ENSG00000034152,MAP2K3
3673,ENSG00000164171,ITGA2
840,ENSG00000165806,CASP7
5728,ENSG00000171862,PTEN
29110,ENSG00000183735,TBK1
149233,ENSG00000162594,IL23R
7188,ENSG00000082512,TRAF5
10392,ENSG00000106100,NOD1
3676,ENSG00000115232,ITGA4
861,ENSG00000159216,RUNX1
83593,ENSG00000266094,RASSF5
2185,ENSG00000120899,PTK2B
1649,ENSG00000175197,DDIT3
1437,ENSG00000164400,CSF2
3566,ENSG00000077238,IL4R
9261,ENSG00000162889,MAPKAPK2
5155,ENSG00000100311,PDGFB
5580,ENSG00000163932,PRKCD
967,ENSG00000135404,CD63
8743,ENSG00000121858,TNFSF10
8771,ENSG00000243509,TNFRSF6B
3164,ENSG00000123358,NR4A1
9180,ENSG00000145623,OSMR
5582,ENSG00000126583,PRKCG
2549,ENSG00000109458,GAB1
1029,ENSG00000147889,CDKN2A
59067,ENSG00000138684,IL21
51744,ENSG00000122223,CD244
8878,ENSG00000161011,SQSTM1
55054,ENSG00000085978,ATG16L1
624,ENSG00000168398,BDKRB2
3297,ENSG00000185122,HSF1
9447,ENSG00000163568,AIM2
79792,ENSG00000104518,GSDMD
10628,ENSG00000265972,TXNIP
8174,ENSG00000099866,MADCAM1
64806,ENSG00000166090,IL25
6097,ENSG00000143365,RORC
7248,ENSG00000165699,TSC1
1387,ENSG00000005339,CREBBP
2033,ENSG00000100393,EP300
2209,ENSG00000150337,FCGR1A
23365,ENSG00000196914,ARHGEF12
920,ENSG00000010610,CD4
5934,ENSG00000103479,RBL2
4318,ENSG00000100985,MMP9
332,ENSG00000089685,BIRC5
50943,ENSG00000049768,FOXP3
2214,ENSG00000203747,FCGR3A
4055,ENSG00000111321,LTBR
894,ENSG00000118971,CCND2
940,ENSG00000178562,CD28
50616,ENSG00000127318,IL22
5588,ENSG00000065675,PRKCQ
10018,ENSG00000153094,BCL2L11
1524,ENSG00000168329,CX3CR1
2829,ENSG00000173578,XCR1
10663,ENSG00000172215,CXCR6
643,ENSG00000160683,CXCR5
2833,ENSG00000186810,CXCR3
3577,ENSG00000163464,CXCR1
3579,ENSG00000180871,CXCR2
1236,ENSG00000126353,CCR7
1232,ENSG00000183625,CCR3
1230,ENSG00000163823,CCR1
729230,ENSG00000121807,CCR2
2826,ENSG00000184451,CCR10
1237,ENSG00000179934,CCR8
10803,ENSG00000173585,CCR9
1233,ENSG00000183813,CCR4
1235,ENSG00000112486,CCR6
1388,ENSG00000213676,ATF6B
7040,ENSG00000105329,TGFB1
958,ENSG00000101017,CD40
2065,ENSG00000065361,ERBB3
2066,ENSG00000178568,ERBB4
3791,ENSG00000128052,KDR
867,ENSG00000110395,CBL
5566,ENSG00000072062,PRKACA
5567,ENSG00000142875,PRKACB
5568,ENSG00000165059,PRKACG
85417,ENSG00000147082,CCNB3
891,ENSG00000134057,CCNB1
9133,ENSG00000157456,CCNB2
896,ENSG00000112576,CCND3
2335,ENSG00000115414,FN1
2308,ENSG00000150907,FOXO1
10451,ENSG00000134215,VAV3
7409,ENSG00000141968,VAV1
2215,ENSG00000162747,FCGR3B
2207,ENSG00000158869,FCER1G
3695,ENSG00000139626,ITGB7
7132,ENSG00000067182,TNFRSF1A
1111,ENSG00000149554,CHEK1
1874,ENSG00000205250,E2F4
1875,ENSG00000133740,E2F5
2775,ENSG00000087258,GNAO1
9641,ENSG00000263528,IKBKE
3667,ENSG00000169047,IRS1
117581,ENSG00000233608,TWIST2
7291,ENSG00000122691,TWIST1
23594,ENSG00000091651,ORC6
23595,ENSG00000135336,ORC3
4998,ENSG00000085840,ORC1
4999,ENSG00000115942,ORC2
5000,ENSG00000115947,ORC4
5001,ENSG00000164815,ORC5
2212,ENSG00000143226,FCGR2A
11211,ENSG00000111432,FZD10
2535,ENSG00000180340,FZD2
7855,ENSG00000163251,FZD5
7976,ENSG00000104290,FZD3
8321,ENSG00000157240,FZD1
8322,ENSG00000174804,FZD4
8323,ENSG00000164930,FZD6
8324,ENSG00000155760,FZD7
8325,ENSG00000177283,FZD8
8326,ENSG00000188763,FZD9
23236,ENSG00000182621,PLCB1
5330,ENSG00000137841,PLCB2
5331,ENSG00000149782,PLCB3
5332,ENSG00000101333,PLCB4
4046,ENSG00000130592,LSP1
2767,ENSG00000088256,GNA11
2776,ENSG00000156052,GNAQ
10454,ENSG00000100324,TAB1
29126,ENSG00000120217,CD274
11337,ENSG00000170296,GABARAP
11345,ENSG00000034713,GABARAPL2
23710,ENSG00000139112,GABARAPL1
391,ENSG00000177105,RHOG
2919,ENSG00000163739,CXCL1
2920,ENSG00000081041,CXCL2
2921,ENSG00000163734,CXCL3
5371,ENSG00000140464,PML
1536,ENSG00000165168,CYBB
10376,ENSG00000123416,TUBA1B
112714,ENSG00000152086,TUBA3E
113457,ENSG00000075886,TUBA3D
51807,ENSG00000183785,TUBA8
7277,ENSG00000127824,TUBA4A
7278,ENSG00000198033,TUBA3C
7846,ENSG00000167552,TUBA1A
79861,ENSG00000178462,TUBAL3
84790,ENSG00000167553,TUBA1C
23118,ENSG00000055208,TAB2
6009,ENSG00000106615,RHEB
3554,ENSG00000115594,IL1R1
4210,ENSG00000103313,MEFV
8717,ENSG00000102871,TRADD
5933,ENSG00000080839,RBL1
79923,ENSG00000111704,NANOG
4792,ENSG00000100906,NFKBIA
4049,ENSG00000226979,LTA
3558,ENSG00000109471,IL2
657,ENSG00000107779,BMPR1A
6385,ENSG00000124145,SDC4
10393,ENSG00000164162,ANAPC10
246184,ENSG00000176386,CDC26
25847,ENSG00000129055,ANAPC13
29882,ENSG00000176248,ANAPC2
29945,ENSG00000053900,ANAPC4
51433,ENSG00000089053,ANAPC5
51434,ENSG00000196510,ANAPC7
51529,ENSG00000141552,ANAPC11
64682,ENSG00000153107,ANAPC1
8697,ENSG00000094880,CDC23
8881,ENSG00000130177,CDC16
996,ENSG00000004897,CDC27
972,ENSG00000019582,CD74
2658,ENSG00000263761,GDF2
27302,ENSG00000163217,BMP10
2261,ENSG00000068078,FGFR3
659,ENSG00000204217,BMPR2
9103,ENSG00000244682,FCGR2C
7042,ENSG00000092969,TGFB2
25,ENSG00000097007,ABL1
5062,ENSG00000180370,PAK2
8379,ENSG00000002822,MAD1L1
2305,ENSG00000111206,FOXM1
1540,ENSG00000083799,CYLD
811,ENSG00000179218,CALR
6387,ENSG00000107562,CXCL12
3572,ENSG00000134352,IL6ST
10163,ENSG00000158195,WASF2
8936,ENSG00000112290,WASF1
3908,ENSG00000196569,LAMA2
3454,ENSG00000142166,IFNAR1
5914,ENSG00000131759,RARA
695,ENSG00000010671,BTK
3588,ENSG00000243646,IL10RB
6095,ENSG00000069667,RORA
3937,ENSG00000043462,LCP2
4233,ENSG00000105976,MET
107,ENSG00000164742,ADCY1
4478,ENSG00000147065,MSN
1616,ENSG00000204209,DAXX
29851,ENSG00000163600,ICOS
1050,ENSG00000245848,CEBPA
1950,ENSG00000138798,EGF
5154,ENSG00000197461,PDGFA
5605,ENSG00000126934,MAP2K2
5604,ENSG00000169032,MAP2K1
7048,ENSG00000163513,TGFBR2
673,ENSG00000157764,BRAF
6352,ENSG00000271503,CCL5
10332,ENSG00000104938,CLEC4M
30835,ENSG00000090659,CD209
90865,ENSG00000137033,IL33
6198,ENSG00000108443,RPS6KB1
6199,ENSG00000175634,RPS6KB2
9184,ENSG00000154473,BUB3
8915,ENSG00000142867,BCL10
5133,ENSG00000188389,PDCD1
3601,ENSG00000134470,IL15RA
9466,ENSG00000104998,IL27RA
965,ENSG00000116815,CD58
60401,ENSG00000131080,EDA2R
5530,ENSG00000138814,PPP3CA
5532,ENSG00000107758,PPP3CB
5533,ENSG00000120910,PPP3CC
5534,ENSG00000221823,PPP3R1
5535,ENSG00000188386,PPP3R2
6347,ENSG00000108691,CCL2
4851,ENSG00000148400,NOTCH1
4853,ENSG00000134250,NOTCH2
23586,ENSG00000107201,DDX58
727,ENSG00000106804,C5
5727,ENSG00000185920,PTCH1
268,ENSG00000104899,AMH
25942,ENSG00000169375,SIN3A
56919,ENSG00000005100,DHX33
5598,ENSG00000166484,MAPK7
9966,ENSG00000181634,TNFSF15
8600,ENSG00000120659,TNFSF11
55540,ENSG00000056736,IL17RB
5611,ENSG00000102580,DNAJC3
25945,ENSG00000177707,NECTIN3
6402,ENSG00000188404,SELL
3827,ENSG00000113889,KNG1
386653,ENSG00000204671,IL31
5337,ENSG00000075651,PLD1
5338,ENSG00000129219,PLD2
3549,ENSG00000163501,IHH
6469,ENSG00000164690,SHH
6373,ENSG00000169248,CXCL11
4283,ENSG00000138755,CXCL9
3455,ENSG00000159110,IFNAR2
128178,ENSG00000186197,EDARADD
5468,ENSG00000132170,PPARG
55970,ENSG00000172380,GNG12
572,ENSG00000002330,BAD
10892,ENSG00000172175,MALT1
285,ENSG00000091879,ANGPT2
868,ENSG00000114423,CBLB
839,ENSG00000138794,CASP6
712,ENSG00000173372,C1QA
713,ENSG00000173369,C1QB
714,ENSG00000159189,C1QC
7454,ENSG00000015285,WAS
8976,ENSG00000106299,WASL
1634,ENSG00000011465,DCN
406991,ENSG00000284190,MIR21
414062,ENSG00000276085,CCL3L3
6348,ENSG00000277632,CCL3
6349,ENSG00000277796,CCL3L1
6351,ENSG00000275302,CCL4
9560,ENSG00000276070,CCL4L2
2208,ENSG00000104921,FCER2
3108,ENSG00000204257,HLA-DMA
3109,ENSG00000242574,HLA-DMB
8826,ENSG00000140575,IQGAP1
3685,ENSG00000138448,ITGAV
7471,ENSG00000125084,WNT1
53342,ENSG00000172458,IL17D
715,ENSG00000159403,C1R
716,ENSG00000182326,C1S
3439,ENSG00000197919,IFNA1
3440,ENSG00000188379,IFNA2
3441,ENSG00000236637,IFNA4
3442,ENSG00000147873,IFNA5
3443,ENSG00000120235,IFNA6
3444,ENSG00000214042,IFNA7
3445,ENSG00000120242,IFNA8
3446,ENSG00000186803,IFNA10
3447,ENSG00000233816,IFNA13
3448,ENSG00000228083,IFNA14
3449,ENSG00000147885,IFNA16
3451,ENSG00000234829,IFNA17
3452,ENSG00000137080,IFNA21
8061,ENSG00000175592,FOSL1
22861,ENSG00000091592,NLRP1
10681,ENSG00000069966,GNB5
2782,ENSG00000078369,GNB1
2783,ENSG00000172354,GNB2
2784,ENSG00000111664,GNB3
2785,ENSG00000162188,GNG3
2786,ENSG00000168243,GNG4
2787,ENSG00000174021,GNG5
2788,ENSG00000176533,GNG7
2790,ENSG00000242616,GNG10
2791,ENSG00000127920,GNG11
2792,ENSG00000127928,GNGT1
2793,ENSG00000167083,GNGT2
51764,ENSG00000127588,GNG13
54331,ENSG00000186469,GNG2
59345,ENSG00000114450,GNB4
94235,ENSG00000167414,GNG8
10810,ENSG00000132970,WASF3
2316,ENSG00000196924,FLNA
2317,ENSG00000136068,FLNB
2318,ENSG00000128591,FLNC
2002,ENSG00000126767,ELK1
3055,ENSG00000101336,HCK
3567,ENSG00000113525,IL5
2810,ENSG00000175793,SFN
317,ENSG00000120868,APAF1
3596,ENSG00000169194,IL13
1848,ENSG00000139318,DUSP6
54205,ENSG00000172115,CYCS
90,ENSG00000115170,ACVR1
655,ENSG00000101144,BMP7
653,ENSG00000112175,BMP5
654,ENSG00000153162,BMP6
353500,ENSG00000183682,BMP8A
656,ENSG00000116985,BMP8B
3111,ENSG00000204252,HLA-DOA
3112,ENSG00000241106,HLA-DOB
3113,ENSG00000231389,HLA-DPA1
3115,ENSG00000223865,HLA-DPB1
3117,ENSG00000196735,HLA-DQA1
3118,ENSG00000237541,HLA-DQA2
3119,ENSG00000179344,HLA-DQB1
3122,ENSG00000204287,HLA-DRA
3123,ENSG00000196126,HLA-DRB1
3125,ENSG00000196101,HLA-DRB3
3126,ENSG00000231021,HLA-DRB4
3127,ENSG00000198502,HLA-DRB5
4215,ENSG00000198909,MAP3K3
6892,ENSG00000231925,TAPBP
2923,ENSG00000167004,PDIA3
8795,ENSG00000120889,TNFRSF10B
1386,ENSG00000115966,ATF2
10488,ENSG00000107175,CREB3
148327,ENSG00000143578,CREB3L4
64764,ENSG00000182158,CREB3L2
84699,ENSG00000060566,CREB3L3
90993,ENSG00000157613,CREB3L1
9586,ENSG00000146592,CREB5
7074,ENSG00000156299,TIAM1
1508,ENSG00000164733,CTSB
53832,ENSG00000016402,IL20RA
23542,ENSG00000008735,MAPK8IP2
9479,ENSG00000121653,MAPK8IP1
7128,ENSG00000118503,TNFAIP3
369,ENSG00000078061,ARAF
3091,ENSG00000100644,HIF1A
3587,ENSG00000110324,IL10RA
1513,ENSG00000143387,CTSK
597,ENSG00000140379,BCL2A1
55534,ENSG00000196782,MAML3
84441,ENSG00000184384,MAML2
9794,ENSG00000161021,MAML1
5906,ENSG00000116473,RAP1A
5908,ENSG00000127314,RAP1B
58484,ENSG00000091106,NLRC4
3678,ENSG00000161638,ITGA5
8772,ENSG00000168040,FADD
8807,ENSG00000115607,IL18RAP
8809,ENSG00000115604,IL18R1
3303,ENSG00000204389,HSPA1A
3304,ENSG00000204388,HSPA1B
3305,ENSG00000204390,HSPA1L
3306,ENSG00000126803,HSPA2
3310,ENSG00000173110,HSPA6
3312,ENSG00000109971,HSPA8
5562,ENSG00000132356,PRKAA1
5563,ENSG00000162409,PRKAA2
3434,ENSG00000185745,IFIT1
439996,ENSG00000204010,IFIT1B
406902,ENSG00000284038,MIR10A
406903,ENSG00000207744,MIR10B
10747,ENSG00000009724,MASP2
5648,ENSG00000127241,MASP1
1675,ENSG00000197766,CFD
3075,ENSG00000000971,CFH
23495,ENSG00000240505,TNFRSF13B
608,ENSG00000048462,TNFRSF17
4171,ENSG00000073111,MCM2
4172,ENSG00000112118,MCM3
4173,ENSG00000104738,MCM4
4174,ENSG00000100297,MCM5
4175,ENSG00000076003,MCM6
4176,ENSG00000166508,MCM7
5817,ENSG00000073008,PVR
140564,ENSG00000243811,APOBEC3D
164668,ENSG00000100298,APOBEC3H
200315,ENSG00000128383,APOBEC3A
200316,ENSG00000128394,APOBEC3F
27350,ENSG00000244509,APOBEC3C
60489,ENSG00000239713,APOBEC3G
9582,ENSG00000179750,APOBEC3B
286,ENSG00000029534,ANK1
287,ENSG00000145362,ANK2
288,ENSG00000151150,ANK3
3561,ENSG00000147168,IL2RG
3479,ENSG00000017427,IGF1
9140,ENSG00000145782,ATG12
9474,ENSG00000057663,ATG5
3802,ENSG00000125498,KIR2DL1
3803,ENSG00000274412,KIR2DL2
3804,ENSG00000243772,KIR2DL3
3805,ENSG00000189013,KIR2DL4
57292,ENSG00000274143,KIR2DL5A
10059,ENSG00000087470,DNM1L
898,ENSG00000105173,CCNE1
9134,ENSG00000175305,CCNE2
3977,ENSG00000113594,LIFR
1271,ENSG00000122756,CNTFR
5111,ENSG00000132646,PCNA
1031,ENSG00000123080,CDKN2C
8797,ENSG00000104689,TNFRSF10A
3600,ENSG00000164136,IL15
3824,ENSG00000134539,KLRD1
653361,ENSG00000158517,NCF1
10616,ENSG00000125826,RBCK1
55072,ENSG00000092098,RNF31
81858,ENSG00000179526,SHARPIN
1028,ENSG00000129757,CDKN1C
4776,ENSG00000100968,NFATC4
6366,ENSG00000137077,CCL21
6363,ENSG00000172724,CCL19
6357,ENSG00000181374,CCL13
115650,ENSG00000159958,TNFRSF13C
5922,ENSG00000155903,RASA2
91662,ENSG00000142405,NLRP12
3562,ENSG00000164399,IL3
6383,ENSG00000169439,SDC2
4261,ENSG00000179583,CIITA
11200,ENSG00000183765,CHEK2
5590,ENSG00000067606,PRKCZ
1739,ENSG00000075711,DLG1
1378,ENSG00000203710,CR1
3811,ENSG00000167633,KIR3DL1
3812,ENSG00000240403,KIR3DL2
3821,ENSG00000134545,KLRC1
1021,ENSG00000105810,CDK6
2268,ENSG00000000938,FGR
8200,ENSG00000125965,GDF5
650,ENSG00000125845,BMP2
652,ENSG00000125378,BMP4
392255,ENSG00000156466,GDF6
151449,ENSG00000143869,GDF7
995,ENSG00000158402,CDC25C
51196,ENSG00000138193,PLCE1
6256,ENSG00000186350,RXRA
3560,ENSG00000100385,IL2RB
2005,ENSG00000158711,ELK4
5340,ENSG00000122194,PLG
1398,ENSG00000167193,CRK
1399,ENSG00000099942,CRKL
8837,ENSG00000003402,CFLAR
5499,ENSG00000172531,PPP1CA
5500,ENSG00000213639,PPP1CB
5501,ENSG00000186298,PPP1CC
5054,ENSG00000106366,SERPINE1
6367,ENSG00000102962,CCL22
6361,ENSG00000102970,CCL17
3680,ENSG00000144668,ITGA9
820,ENSG00000164047,CAMP
3708,ENSG00000150995,ITPR1
3709,ENSG00000123104,ITPR2
3710,ENSG00000096433,ITPR3
9846,ENSG00000033327,GAB2
5515,ENSG00000113575,PPP2CA
5516,ENSG00000104695,PPP2CB
5518,ENSG00000105568,PPP2R1A
5519,ENSG00000137713,PPP2R1B
5520,ENSG00000221914,PPP2R2A
5521,ENSG00000156475,PPP2R2B
5522,ENSG00000074211,PPP2R2C
55844,ENSG00000175470,PPP2R2D
602,ENSG00000069399,BCL3
6654,ENSG00000115904,SOS1
6655,ENSG00000100485,SOS2
50615,ENSG00000103522,IL21R
3570,ENSG00000160712,IL6R
3625,ENSG00000163083,INHBB
2657,ENSG00000130283,GDF1
9573,ENSG00000184344,GDF3
4838,ENSG00000156574,NODAL
1959,ENSG00000122877,EGR2
2224,ENSG00000160752,FDPS
291,ENSG00000151729,SLC25A4
292,ENSG00000005022,SLC25A5
293,ENSG00000169100,SLC25A6
83447,ENSG00000151475,SLC25A31
114609,ENSG00000150455,TIRAP
3727,ENSG00000130522,JUND
2354,ENSG00000125740,FOSB
1493,ENSG00000163599,CTLA4
7850,ENSG00000115590,IL1R2
1869,ENSG00000101412,E2F1
1870,ENSG00000007968,E2F2
1871,ENSG00000112242,E2F3
9138,ENSG00000076928,ARHGEF1
1030,ENSG00000147883,CDKN2B
23162,ENSG00000138834,MAPK8IP3
925,ENSG00000153563,CD8A
926,ENSG00000172116,CD8B
3702,ENSG00000113263,ITK
2355,ENSG00000075426,FOSL2
3726,ENSG00000171223,JUNB
3486,ENSG00000146674,IGFBP3
27102,ENSG00000086232,EIF2AK1
440275,ENSG00000128829,EIF2AK4
9451,ENSG00000172071,EIF2AK3
823,ENSG00000014216,CAPN1
824,ENSG00000162909,CAPN2
10298,ENSG00000130669,PAK4
106821730,ENSG00000259288,BUB1B-PAK6
5063,ENSG00000077264,PAK3
56924,ENSG00000137843,PAK6
57144,ENSG00000101349,PAK5
51135,ENSG00000198001,IRAK4
26525,ENSG00000136695,IL36RN
27179,ENSG00000136694,IL36A
27177,ENSG00000136696,IL36B
56300,ENSG00000136688,IL36G
84639,ENSG00000136697,IL1F10
5347,ENSG00000166851,PLK1
6667,ENSG00000185591,SP1
1969,ENSG00000142627,EPHA2
2263,ENSG00000066468,FGFR2
2264,ENSG00000160867,FGFR4
2321,ENSG00000102755,FLT1
2324,ENSG00000037280,FLT4
3643,ENSG00000171105,INSR
4804,ENSG00000064300,NGFR
4915,ENSG00000148053,NTRK2
7010,ENSG00000120156,TEK
8411,ENSG00000102189,EEA1
5868,ENSG00000144566,RAB5A
5869,ENSG00000111540,RAB5B
5878,ENSG00000108774,RAB5C
10971,ENSG00000134308,YWHAQ
7529,ENSG00000166913,YWHAB
7531,ENSG00000108953,YWHAE
7532,ENSG00000170027,YWHAG
7533,ENSG00000128245,YWHAH
7534,ENSG00000164924,YWHAZ
916,ENSG00000198851,CD3E
408,ENSG00000137486,ARRB1
409,ENSG00000141480,ARRB2
112401,ENSG00000163098,BIRC8
79444,ENSG00000101197,BIRC7
100506742,ENSG00000204403,CASP12
4689,ENSG00000100365,NCF4
4688,ENSG00000116701,NCF2
1326,ENSG00000107968,MAP3K8
2081,ENSG00000178607,ERN1
6500,ENSG00000113558,SKP1
8454,ENSG00000055130,CUL1
9978,ENSG00000100387,RBX1
2769,ENSG00000060558,GNA15
9630,ENSG00000156049,GNA14
1756,ENSG00000198947,DMD
1311,ENSG00000105664,COMP
7058,ENSG00000186340,THBS2
7059,ENSG00000169231,THBS3
7060,ENSG00000113296,THBS4
10319,ENSG00000050555,LAMC3
1101,ENSG00000136457,CHAD
1277,ENSG00000108821,COL1A1
1278,ENSG00000164692,COL1A2
1280,ENSG00000139219,COL2A1
1282,ENSG00000187498,COL4A1
1284,ENSG00000134871,COL4A2
1285,ENSG00000169031,COL4A3
1286,ENSG00000081052,COL4A4
1287,ENSG00000188153,COL4A5
1288,ENSG00000197565,COL4A6
1291,ENSG00000142156,COL6A1
1292,ENSG00000142173,COL6A2
1293,ENSG00000163359,COL6A3
1297,ENSG00000112280,COL9A1
1298,ENSG00000049089,COL9A2
1299,ENSG00000092758,COL9A3
131873,ENSG00000206384,COL6A6
22798,ENSG00000091128,LAMB4
256076,ENSG00000172752,COL6A5
284217,ENSG00000101680,LAMA1
3371,ENSG00000041982,TNC
3381,ENSG00000029559,IBSP
3909,ENSG00000053747,LAMA3
3910,ENSG00000112769,LAMA4
3911,ENSG00000130702,LAMA5
3912,ENSG00000091136,LAMB1
3913,ENSG00000172037,LAMB2
3914,ENSG00000196878,LAMB3
3915,ENSG00000135862,LAMC1
3918,ENSG00000058085,LAMC2
5649,ENSG00000189056,RELN
63923,ENSG00000120332,TNN
7143,ENSG00000116147,TNR
7148,ENSG00000168477,TNXB
7448,ENSG00000109072,VTN
7450,ENSG00000110799,VWF
4060,ENSG00000139329,LUM
3065,ENSG00000116478,HDAC1
3066,ENSG00000196591,HDAC2
58494,ENSG00000154721,JAM2
53833,ENSG00000174564,IL20RB
58985,ENSG00000142677,IL22RA1
163702,ENSG00000185436,IFNLR1
4352,ENSG00000117400,MPL
5618,ENSG00000113494,PRLR
2690,ENSG00000112964,GHR
2057,ENSG00000187266,EPOR
64109,ENSG00000205755,CRLF2
3575,ENSG00000168685,IL7R
3581,ENSG00000124334,IL9R
3568,ENSG00000091181,IL5RA
1438,ENSG00000198223,CSF2RA
3597,ENSG00000131724,IL13RA1
1441,ENSG00000119535,CSF3R
3590,ENSG00000137070,IL11RA
3953,ENSG00000116678,LEPR
3598,ENSG00000123496,IL13RA2
116379,ENSG00000164485,IL22RA2
3693,ENSG00000082781,ITGB5
22801,ENSG00000137809,ITGA11
3655,ENSG00000091409,ITGA6
3672,ENSG00000213949,ITGA1
3674,ENSG00000005961,ITGA2B
3675,ENSG00000005884,ITGA3
3679,ENSG00000135424,ITGA7
8515,ENSG00000143127,ITGA10
8516,ENSG00000077943,ITGA8
3691,ENSG00000132470,ITGB4
3694,ENSG00000115221,ITGB6
3696,ENSG00000105855,ITGB8
1457,ENSG00000101266,CSNK2A1
1459,ENSG00000070770,CSNK2A2
1460,ENSG00000204435,CSNK2B
283106,ENSG00000254598,CSNK2A3
578,ENSG00000030110,BAK1
2113,ENSG00000134954,ETS1
941,ENSG00000121594,CD80
3663,ENSG00000128604,IRF5
50848,ENSG00000158769,F11R
1965,ENSG00000134001,EIF2S1
10197,ENSG00000131467,PSME3
1051,ENSG00000172216,CEBPB
65108,ENSG00000175130,MARCKSL1
27113,ENSG00000105327,BBC3
4216,ENSG00000085511,MAP3K4
83700,ENSG00000166086,JAM3
353376,ENSG00000243414,TICAM2
1514,ENSG00000135047,CTSL
23411,ENSG00000096717,SIRT1
340061,ENSG00000184584,STING1
5731,ENSG00000160951,PTGER1
5732,ENSG00000125384,PTGER2
5733,ENSG00000050628,PTGER3
5734,ENSG00000171522,PTGER4
1605,ENSG00000173402,DAG1
7133,ENSG00000028137,TNFRSF1B
163688,ENSG00000169885,CALML6
51806,ENSG00000178372,CALML5
801,ENSG00000198668,CALM1
805,ENSG00000143933,CALM2
808,ENSG00000160014,CALM3
810,ENSG00000178363,CALML3
91860,ENSG00000129007,CALML4
1535,ENSG00000051523,CYBA
929,ENSG00000170458,CD14
27250,ENSG00000150593,PDCD4
5581,ENSG00000171132,PRKCE
4313,ENSG00000087245,MMP2
108,ENSG00000078295,ADCY2
109,ENSG00000138031,ADCY3
111,ENSG00000173175,ADCY5
112,ENSG00000174233,ADCY6
113,ENSG00000121281,ADCY7
114,ENSG00000155897,ADCY8
115,ENSG00000162104,ADCY9
196883,ENSG00000129467,ADCY4
915,ENSG00000167286,CD3D
917,ENSG00000160654,CD3G
3662,ENSG00000137265,IRF4
7430,ENSG00000092820,EZR
5962,ENSG00000137710,RDX
6346,ENSG00000108702,CCL1
6370,ENSG00000131142,CCL25
6355,ENSG00000108700,CCL8
5478,ENSG00000196262,PPIA
8740,ENSG00000125735,TNFSF14
717,ENSG00000166278,C2
10758,ENSG00000056972,TRAF3IP2
29760,ENSG00000095585,BLNK
7006,ENSG00000135605,TEC
27,ENSG00000143322,ABL2
5617,ENSG00000172179,PRL
1442,ENSG00000136488,CSH1
1443,ENSG00000213218,CSH2
2688,ENSG00000259384,GH1
2689,ENSG00000136487,GH2
2056,ENSG00000130427,EPO
3574,ENSG00000104432,IL7
1440,ENSG00000108342,CSF3
5008,ENSG00000099985,OSM
282618,ENSG00000182393,IFNL1
282616,ENSG00000183709,IFNL2
282617,ENSG00000197110,IFNL3
11009,ENSG00000162892,IL24
50604,ENSG00000162891,IL20
29949,ENSG00000142224,IL19
338376,ENSG00000184995,IFNE
56832,ENSG00000147896,IFNK
3467,ENSG00000177047,IFNW1
7066,ENSG00000090534,THPO
85480,ENSG00000145777,TSLP
3578,ENSG00000145839,IL9
1489,ENSG00000150281,CTF1
1270,ENSG00000242689,CNTF
3976,ENSG00000128342,LIF
3589,ENSG00000095752,IL11
3952,ENSG00000174697,LEP
3428,ENSG00000163565,IFI16
1960,ENSG00000179388,EGR3
3984,ENSG00000106683,LIMK1
3985,ENSG00000182541,LIMK2
29941,ENSG00000160447,PKN3
5585,ENSG00000123143,PKN1
5586,ENSG00000065243,PKN2
1054,ENSG00000153879,CEBPG
51343,ENSG00000105325,FZR1
3315,ENSG00000106211,HSPB1
1022,ENSG00000134058,CDK7
902,ENSG00000134480,CCNH
3654,ENSG00000184216,IRAK1
22925,ENSG00000153246,PLA2R1
4360,ENSG00000260314,MRC1
9902,ENSG00000011028,MRC2
257397,ENSG00000157625,TAB3
843,ENSG00000003400,CASP10
3659,ENSG00000125347,IRF1
3339,ENSG00000142798,HSPG2
862,ENSG00000079102,RUNX1T1
26253,ENSG00000166523,CLEC4E
1839,ENSG00000113070,HBEGF
10910,ENSG00000165416,SUGT1
8764,ENSG00000157873,TNFRSF14
1794,ENSG00000134516,DOCK2
857,ENSG00000105974,CAV1
83547,ENSG00000167705,RILP
57580,ENSG00000124126,PREX1
10381,ENSG00000258947,TUBB3
10382,ENSG00000104833,TUBB4A
10383,ENSG00000188229,TUBB4B
203068,ENSG00000196230,TUBB
347688,ENSG00000261456,TUBB8
347733,ENSG00000137285,TUBB2B
7280,ENSG00000137267,TUBB2A
81027,ENSG00000101162,TUBB1
84617,ENSG00000176014,TUBB6
5788,ENSG00000081237,PTPRC
25759,ENSG00000129946,SHC2
399694,ENSG00000185634,SHC4
53358,ENSG00000148082,SHC3
6464,ENSG00000160691,SHC1
4690,ENSG00000158092,NCK1
8440,ENSG00000071051,NCK2
1604,ENSG00000196352,CD55
11214,ENSG00000170776,AKAP13
9826,ENSG00000132694,ARHGEF11
54,ENSG00000102575,ACP5
799,ENSG00000004948,CALCR
7704,ENSG00000109906,ZBTB16
7466,ENSG00000109501,WFS1
10114,ENSG00000110422,HIPK3
147746,ENSG00000160396,HIPK4
204851,ENSG00000163349,HIPK1
28996,ENSG00000064393,HIPK2
1435,ENSG00000184371,CSF1
1942,ENSG00000169242,EFNA1
1943,ENSG00000099617,EFNA2
1944,ENSG00000143590,EFNA3
1945,ENSG00000243364,EFNA4
1946,ENSG00000184349,EFNA5
2069,ENSG00000124882,EREG
2246,ENSG00000113578,FGF1
2248,ENSG00000186895,FGF3
2249,ENSG00000075388,FGF4
2250,ENSG00000138675,FGF5
2251,ENSG00000111241,FGF6
2252,ENSG00000140285,FGF7
2253,ENSG00000107831,FGF8
2254,ENSG00000102678,FGF9
2255,ENSG00000070193,FGF10
2277,ENSG00000165197,VEGFD
2323,ENSG00000090554,FLT3LG
26281,ENSG00000078579,FGF20
26291,ENSG00000105550,FGF21
27006,ENSG00000070388,FGF22
284,ENSG00000154188,ANGPT1
3082,ENSG00000019991,HGF
3630,ENSG00000254647,INS
374,ENSG00000109321,AREG
4254,ENSG00000049130,KITLG
4803,ENSG00000134259,NGF
4908,ENSG00000185652,NTF3
4909,ENSG00000225950,NTF4
51378,ENSG00000101280,ANGPT4
5228,ENSG00000119630,PGF
56034,ENSG00000145431,PDGFC
627,ENSG00000176697,BDNF
7039,ENSG00000163235,TGFA
7423,ENSG00000173511,VEGFB
7424,ENSG00000150630,VEGFC
80310,ENSG00000170962,PDGFD
8074,ENSG00000118972,FGF23
8817,ENSG00000156427,FGF18
8822,ENSG00000158815,FGF17
8823,ENSG00000196468,FGF16
9965,ENSG00000162344,FGF19
10092,ENSG00000162704,ARPC5
10093,ENSG00000241553,ARPC4
10094,ENSG00000111229,ARPC3
10095,ENSG00000130429,ARPC1B
10109,ENSG00000163466,ARPC2
10552,ENSG00000241685,ARPC1A
81873,ENSG00000136950,ARPC5L
8398,ENSG00000184381,PLA2G6
10062,ENSG00000025434,NR1H3
942,ENSG00000114013,CD86
221613,ENSG00000164508,H2AC1
3012,ENSG00000277075,H2AC8
3013,ENSG00000196866,H2AC7
3014,ENSG00000188486,H2AX
3015,ENSG00000164032,H2AZ1
317772,ENSG00000184270,H2AC21
474381,ENSG00000277858,H2AB2
474382,ENSG00000274183,H2AB1
55506,ENSG00000099284,MACROH2A2
55766,ENSG00000246705,H2AJ
723790,ENSG00000272196,H2AC19
8329,ENSG00000196747,H2AC13
8330,ENSG00000275221,H2AC15
8331,ENSG00000276368,H2AC14
8332,ENSG00000276903,H2AC16
8334,ENSG00000180573,H2AC6
8335,ENSG00000278463,H2AC4
8336,ENSG00000278677,H2AC17
8337,ENSG00000203812,H2AC18
8338,ENSG00000184260,H2AC20
83740,ENSG00000277745,H2AB3
85235,ENSG00000274997,H2AC12
8969,ENSG00000196787,H2AC11
92815,ENSG00000181218,H2AW
94239,ENSG00000105968,H2AZ2
9555,ENSG00000113648,MACROH2A1
7027,ENSG00000198176,TFDP1
7029,ENSG00000114126,TFDP2
6502,ENSG00000145604,SKP2
6722,ENSG00000112658,SRF
2114,ENSG00000157557,ETS2
153090,ENSG00000136848,DAB2IP
1072,ENSG00000172757,CFL1
1073,ENSG00000165410,CFL2
814,ENSG00000152495,CAMK4
4296,ENSG00000173327,MAP3K11
142,ENSG00000143799,PARP1
10038,ENSG00000129484,PARP2
10039,ENSG00000041880,PARP3
143,ENSG00000102699,PARP4
2768,ENSG00000146535,GNA12
8844,ENSG00000141068,KSR1
1263,ENSG00000173846,PLK3
23291,ENSG00000072803,FBXW11
8945,ENSG00000166167,BTRC
9564,ENSG00000050820,BCAR1
91543,ENSG00000134321,RSAD2
84433,ENSG00000198286,CARD11
7538,ENSG00000128016,ZFP36
4085,ENSG00000164109,MAD2L1
7867,ENSG00000114738,MAPKAPK3
7709,ENSG00000116809,ZBTB17
4800,ENSG00000001167,NFYA
4801,ENSG00000120837,NFYB
4802,ENSG00000066136,NFYC
5993,ENSG00000143390,RFX5
5994,ENSG00000133111,RFXAP
8625,ENSG00000064490,RFXANK
4780,ENSG00000116044,NFE2L2
9844,ENSG00000155849,ELMO1
10459,ENSG00000116670,MAD2L2
933,ENSG00000012124,CD22
64581,ENSG00000172243,CLEC7A
100132285,ENSG00000275583,KIR2DS2
3806,ENSG00000275921,KIR2DS1
3808,ENSG00000278306,KIR2DS3
3809,ENSG00000221957,KIR2DS4
3810,ENSG00000274739,KIR2DS5
3822,ENSG00000205809,KLRC2
3823,ENSG00000205810,KLRC3
8550,ENSG00000089022,MAPKAPK5
1958,ENSG00000120738,EGR1
7023,ENSG00000090447,TFAP4
83737,ENSG00000078747,ITCH
5366,ENSG00000141682,PMAIP1
10572,ENSG00000184990,SIVA1
7078,ENSG00000100234,TIMP3
4793,ENSG00000104825,NFKBIB
51384,ENSG00000002745,WNT16
54361,ENSG00000162552,WNT4
7472,ENSG00000105989,WNT2
7473,ENSG00000108379,WNT3
7474,ENSG00000114251,WNT5A
7475,ENSG00000115596,WNT6
7476,ENSG00000154764,WNT7A
7477,ENSG00000188064,WNT7B
7478,ENSG00000061492,WNT8A
7479,ENSG00000075290,WNT8B
7480,ENSG00000169884,WNT10B
7481,ENSG00000085741,WNT11
7482,ENSG00000134245,WNT2B
7483,ENSG00000143816,WNT9A
7484,ENSG00000158955,WNT9B
80326,ENSG00000135925,WNT10A
81029,ENSG00000111186,WNT5B
89780,ENSG00000154342,WNT3A
959,ENSG00000102245,CD40LG
1075,ENSG00000109861,CTSC
1512,ENSG00000103811,CTSH
1515,ENSG00000136943,CTSV
1519,ENSG00000256043,CTSO
1521,ENSG00000172543,CTSW
1522,ENSG00000101160,CTSZ
8722,ENSG00000174080,CTSF
27071,ENSG00000070190,DAPP1
10672,ENSG00000120063,GNA13
4671,ENSG00000249437,NAIP
658,ENSG00000138696,BMPR1B
2626,ENSG00000136574,GATA4
2778,ENSG00000087460,GNAS
11221,ENSG00000143507,DUSP10
1844,ENSG00000158050,DUSP2
1846,ENSG00000120875,DUSP4
1847,ENSG00000138166,DUSP5
1849,ENSG00000164086,DUSP7
1850,ENSG00000184545,DUSP8
1852,ENSG00000130829,DUSP9
80824,ENSG00000111266,DUSP16
1845,ENSG00000108861,DUSP3
5778,ENSG00000143851,PTPN7
5801,ENSG00000153233,PTPRR
84867,ENSG00000110786,PTPN5
494551,ENSG00000214102,WEE2
7465,ENSG00000166483,WEE1
63970,ENSG00000120471,TP53AIP1
377841,ENSG00000188833,ENTPD8
953,ENSG00000138185,ENTPD1
956,ENSG00000168032,ENTPD3
7431,ENSG00000026025,VIM
3313,ENSG00000113013,HSPA9
6477,ENSG00000196470,SIAH1
7096,ENSG00000174125,TLR1
10333,ENSG00000174130,TLR6
1896,ENSG00000158813,EDA
196,ENSG00000106546,AHR
1511,ENSG00000100448,CTSG
8986,ENSG00000162302,RPS6KA4
9252,ENSG00000100784,RPS6KA5
54106,ENSG00000239732,TLR9
5494,ENSG00000100614,PPM1A
7082,ENSG00000104067,TJP1
6257,ENSG00000204231,RXRB
6258,ENSG00000143171,RXRG
10818,ENSG00000166225,FRS2
11124,ENSG00000185104,FAF1
22872,ENSG00000138674,SEC31A
25956,ENSG00000075826,SEC31B
6396,ENSG00000157020,SEC13
4000,ENSG00000160789,LMNA
4001,ENSG00000113368,LMNB1
84823,ENSG00000176619,LMNB2
2099,ENSG00000091831,ESR1
2817,ENSG00000063660,GPC1
192111,ENSG00000247077,PGAM5
7494,ENSG00000100219,XBP1
5829,ENSG00000089159,PXN
3384,ENSG00000108622,ICAM2
3557,ENSG00000136689,IL1RN
7421,ENSG00000111424,VDR
930,ENSG00000177455,CD19
259197,ENSG00000204475,NCR3
9437,ENSG00000189430,NCR1
1655,ENSG00000108654,DDX5
29102,ENSG00000113360,DROSHA
23207,ENSG00000116786,PLEKHM2
6923,ENSG00000103363,ELOB
8065,ENSG00000166266,CUL5
6921,ENSG00000154582,ELOC
9616,ENSG00000114125,RNF7
2661,ENSG00000164404,GDF9
29775,ENSG00000100065,CARD10
79092,ENSG00000141527,CARD14
57521,ENSG00000141564,RPTOR
64223,ENSG00000167965,MLST8
8808,ENSG00000115598,IL1RL2
30001,ENSG00000197930,ERO1A
56605,ENSG00000086619,ERO1B
51128,ENSG00000152700,SAR1B
56681,ENSG00000079332,SAR1A
6372,ENSG00000124875,CXCL6
6374,ENSG00000163735,CXCL5
6376,ENSG00000006210,CX3CL1
6846,ENSG00000143185,XCL2
6375,ENSG00000143184,XCL1
9547,ENSG00000145824,CXCL14
5196,ENSG00000163737,PF4
5197,ENSG00000109272,PF4V1
58191,ENSG00000161921,CXCL16
10563,ENSG00000156234,CXCL13
5473,ENSG00000163736,PPBP
10344,ENSG00000006606,CCL26
6369,ENSG00000106178,CCL24
6356,ENSG00000172156,CCL11
6360,ENSG00000275152,CCL16
6358,ENSG00000276409,CCL14
6354,ENSG00000108688,CCL7
10850,ENSG00000213927,CCL27
56477,ENSG00000151882,CCL28
6359,ENSG00000275718,CCL15
6368,ENSG00000274736,CCL23
6362,ENSG00000275385,CCL18
6364,ENSG00000115009,CCL20
131890,ENSG00000114124,GRK7
156,ENSG00000173020,GRK2
157,ENSG00000100077,GRK3
2868,ENSG00000125388,GRK4
2869,ENSG00000198873,GRK5
2870,ENSG00000198055,GRK6
6011,ENSG00000185974,GRK1
1032,ENSG00000129355,CDKN2D
55666,ENSG00000182446,NPLOC4
3897,ENSG00000198910,L1CAM
338382,ENSG00000276600,RAB7B
1778,ENSG00000197102,DYNC1H1
1780,ENSG00000158560,DYNC1I1
1781,ENSG00000077380,DYNC1I2
1783,ENSG00000135720,DYNC1LI2
51143,ENSG00000144635,DYNC1LI1
79659,ENSG00000187240,DYNC2H1
3624,ENSG00000122641,INHBA
4082,ENSG00000277443,MARCKS
9369,ENSG00000021645,NRXN3
9378,ENSG00000179915,NRXN1
9379,ENSG00000110076,NRXN2
124044,ENSG00000158792,SPATA2L
9825,ENSG00000158480,SPATA2
3385,ENSG00000076662,ICAM3
1827,ENSG00000159200,RCAN1
6900,ENSG00000184144,CNTN2
51554,ENSG00000129048,ACKR4
9210,ENSG00000130385,BMP15
22926,ENSG00000118217,ATF6
54541,ENSG00000168209,DDIT4
710,ENSG00000149131,SERPING1
7415,ENSG00000165280,VCP
258010,ENSG00000198168,SVIP
201633,ENSG00000181847,TIGIT
1642,ENSG00000167986,DDB1
8450,ENSG00000158290,CUL4B
8451,ENSG00000139842,CUL4A
9730,ENSG00000145041,DCAF1
102723996,ENSG00000277117,LOC102723996
23308,ENSG00000160223,ICOSLG
9402,ENSG00000100351,GRAP2
23114,ENSG00000163531,NFASC
1272,ENSG00000018236,CNTN1
6401,ENSG00000007908,SELE
6404,ENSG00000110876,SELPLG
991,ENSG00000117399,CDC20
5465,ENSG00000186951,PPARA
1594,ENSG00000111012,CYP27B1
2662,ENSG00000266524,GDF10
10926,ENSG00000006634,DBF4
8317,ENSG00000097046,CDC7
8318,ENSG00000093009,CDC45
130399,ENSG00000123612,ACVR1C
5810,ENSG00000113456,RAD1
10368,ENSG00000006116,CACNG3
10369,ENSG00000166862,CACNG2
27091,ENSG00000075429,CACNG5
27092,ENSG00000075461,CACNG4
55799,ENSG00000157445,CACNA2D3
59283,ENSG00000142408,CACNG8
59284,ENSG00000105605,CACNG7
59285,ENSG00000130433,CACNG6
773,ENSG00000141837,CACNA1A
774,ENSG00000148408,CACNA1B
775,ENSG00000151067,CACNA1C
776,ENSG00000157388,CACNA1D
777,ENSG00000198216,CACNA1E
778,ENSG00000102001,CACNA1F
779,ENSG00000081248,CACNA1S
781,ENSG00000153956,CACNA2D1
782,ENSG00000067191,CACNB1
783,ENSG00000165995,CACNB2
784,ENSG00000167535,CACNB3
785,ENSG00000182389,CACNB4
786,ENSG00000108878,CACNG1
8911,ENSG00000100346,CACNA1I
8912,ENSG00000196557,CACNA1H
8913,ENSG00000006283,CACNA1G
9254,ENSG00000007402,CACNA2D2
93589,ENSG00000151062,CACNA2D4
10746,ENSG00000169967,MAP3K2
8651,ENSG00000185338,SOCS1
9021,ENSG00000184557,SOCS3
122809,ENSG00000180008,SOCS4
30837,ENSG00000274211,SOCS7
8835,ENSG00000120833,SOCS2
9306,ENSG00000170677,SOCS6
9655,ENSG00000171150,SOCS5
10254,ENSG00000115145,STAM2
8027,ENSG00000136738,STAM
5771,ENSG00000175354,PTPN2
56616,ENSG00000184047,DIABLO
5414,ENSG00000108387,SEPTIN4
27429,ENSG00000115317,HTRA2
10913,ENSG00000135960,EDAR
5921,ENSG00000145715,RASA1
4763,ENSG00000196712,NF1
9693,ENSG00000109756,RAPGEF2
6890,ENSG00000168394,TAP1
6891,ENSG00000204267,TAP2
2274,ENSG00000115641,FHL2
22829,ENSG00000165246,NLGN4Y
22871,ENSG00000169760,NLGN1
54413,ENSG00000196338,NLGN3
57502,ENSG00000146938,NLGN4X
57555,ENSG00000169992,NLGN2
3623,ENSG00000123999,INHA
93978,ENSG00000205846,CLEC6A
8741,ENSG00000161955,TNFSF13
10111,ENSG00000113522,RAD50
629,ENSG00000243649,CFB
5720,ENSG00000092010,PSME1
5721,ENSG00000100911,PSME2
10538,ENSG00000156127,BATF
116071,ENSG00000168062,BATF2
55509,ENSG00000123685,BATF3
10427,ENSG00000138802,SEC24B
10483,ENSG00000101310,SEC23B
10484,ENSG00000100934,SEC23A
10802,ENSG00000113615,SEC24A
9632,ENSG00000176986,SEC24C
9871,ENSG00000150961,SEC24D
64422,ENSG00000144848,ATG3
22863,ENSG00000126775,ATG14
441925,ENSG00000196289,BECN2
8678,ENSG00000126581,BECN1
23396,ENSG00000186111,PIP5K1C
8394,ENSG00000143398,PIP5K1A
8395,ENSG00000107242,PIP5K1B
4153,ENSG00000165471,MBL2
6794,ENSG00000118046,STK11
3236,ENSG00000128710,HOXD10
10113,ENSG00000138073,PREB
56848,ENSG00000063176,SPHK2
8877,ENSG00000176170,SPHK1
7416,ENSG00000213585,VDAC1
7417,ENSG00000165637,VDAC2
7419,ENSG00000078668,VDAC3
5481,ENSG00000171497,PPID
6452,ENSG00000087266,SH3BP2
10130,ENSG00000143870,PDIA6
10961,ENSG00000089248,ERP29
5034,ENSG00000185624,P4HB
81567,ENSG00000239264,TXNDC5
9601,ENSG00000155660,PDIA4
222545,ENSG00000173612,GPRC6A
846,ENSG00000036828,CASR
238,ENSG00000171094,ALK
27436,ENSG00000143924,EML4
11184,ENSG00000104814,MAP4K1
3646,ENSG00000104408,EIF3E
27178,ENSG00000125571,IL37
6194,ENSG00000137154,RPS6
1975,ENSG00000063046,EIF4B
182,ENSG00000101384,JAG1
3714,ENSG00000184916,JAG2
10399,ENSG00000204628,RACK1
118788,ENSG00000155629,PIK3AP1
1785,ENSG00000079805,DNM2
273,ENSG00000078053,AMPH
274,ENSG00000136717,BIN1
79465,ENSG00000131019,ULBP3
80328,ENSG00000131015,ULBP2
80329,ENSG00000111981,ULBP1
4277,ENSG00000204516,MICB
100507436,ENSG00000204520,MICA
135250,ENSG00000164520,RAET1E
154064,ENSG00000155918,RAET1L
353091,ENSG00000203722,RAET1G
132660,ENSG00000189308,LIN54
286826,ENSG00000183814,LIN9
55957,ENSG00000267796,LIN37
5928,ENSG00000162521,RBBP4
91750,ENSG00000205659,LIN52
722,ENSG00000123838,C4BPA
725,ENSG00000123843,C4BPB
84818,ENSG00000163702,IL17RC
81578,ENSG00000124749,COL21A1
8649,ENSG00000109270,LAMTOR3
10161,ENSG00000139679,LPAR6
1128,ENSG00000168539,CHRM1
1129,ENSG00000181072,CHRM2
1902,ENSG00000198121,LPAR1
2149,ENSG00000181104,F2R
23566,ENSG00000171517,LPAR3
2846,ENSG00000147145,LPAR4
57121,ENSG00000184574,LPAR5
9170,ENSG00000064547,LPAR2
23529,ENSG00000175505,CLCF1
4627,ENSG00000100345,MYH9
4628,ENSG00000133026,MYH10
79784,ENSG00000105357,MYH14
4659,ENSG00000058272,PPP1R12A
4660,ENSG00000077157,PPP1R12B
54776,ENSG00000125503,PPP1R12C
6548,ENSG00000090020,SLC9A1
1380,ENSG00000117322,CR2
864,ENSG00000020633,RUNX3
9612,ENSG00000196498,NCOR2
8819,ENSG00000164105,SAP30
9541,ENSG00000138433,CIR1
3280,ENSG00000114315,HES1
55801,ENSG00000111536,IL26
4208,ENSG00000081189,MEF2C
4149,ENSG00000125952,MAX
3316,ENSG00000170276,HSPB2
2931,ENSG00000105723,GSK3A
7184,ENSG00000166598,HSP90B1
117145,ENSG00000159445,THEM4
28227,ENSG00000167393,PPP2R3B
55012,ENSG00000092020,PPP2R3C
5523,ENSG00000073711,PPP2R3A
5525,ENSG00000066027,PPP2R5A
5526,ENSG00000068971,PPP2R5B
5527,ENSG00000078304,PPP2R5C
5528,ENSG00000112640,PPP2R5D
5529,ENSG00000154001,PPP2R5E
11140,ENSG00000105401,CDC37
4846,ENSG00000164867,NOS3
200186,ENSG00000160741,CRTC2
23035,ENSG00000040199,PHLPP2
23239,ENSG00000081913,PHLPP1
4515,ENSG00000214827,MTCP1
8115,ENSG00000100721,TCL1A
9623,ENSG00000213231,TCL1B
345456,ENSG00000196570,PFN3
375189,ENSG00000176732,PFN4
5216,ENSG00000108518,PFN1
5217,ENSG00000070087,PFN2
51347,ENSG00000135090,TAOK3
57551,ENSG00000160551,TAOK1
9344,ENSG00000149930,TAOK2
9064,ENSG00000142733,MAP3K6
11186,ENSG00000068028,RASSF1
4794,ENSG00000146232,NFKBIE
1843,ENSG00000120129,DUSP1
100137049,ENSG00000243708,PLA2G4B
123745,ENSG00000188089,PLA2G4E
255189,ENSG00000168907,PLA2G4F
283748,ENSG00000159337,PLA2G4D
5321,ENSG00000116711,PLA2G4A
8605,ENSG00000105499,PLA2G4C
8681,ENSG00000168970,JMJD7-PLA2G4B
3925,ENSG00000117632,STMN1
4137,ENSG00000186868,MAPT
27330,ENSG00000072133,RPS6KA6
6195,ENSG00000117676,RPS6KA1
6196,ENSG00000071242,RPS6KA2
6197,ENSG00000177189,RPS6KA3
2872,ENSG00000099875,MKNK2
8569,ENSG00000079277,MKNK1
5328,ENSG00000122861,PLAU
5329,ENSG00000011422,PLAUR
1612,ENSG00000196730,DAPK1
1613,ENSG00000167657,DAPK3
23604,ENSG00000035664,DAPK2
246778,ENSG00000197272,IL27
3394,ENSG00000140968,IRF8
6504,ENSG00000117090,SLAMF1
4094,ENSG00000178573,MAF
5495,ENSG00000138032,PPM1B
9448,ENSG00000071054,MAP4K4
5607,ENSG00000137764,MAP2K5
51701,ENSG00000087095,NLK
100506012,ENSG00000230510,PPP5D1
5536,ENSG00000011485,PPP5C
51776,ENSG00000091436,MAP3K20
7786,ENSG00000139625,MAP3K12
9175,ENSG00000073803,MAP3K13
5871,ENSG00000168067,MAP4K2
6788,ENSG00000104375,STK3
6789,ENSG00000101109,STK4
51295,ENSG00000130159,ECSIT
2122,ENSG00000085276,MECOM
8491,ENSG00000011566,MAP4K3
23643,ENSG00000154589,LY96
7100,ENSG00000187554,TLR5
7098,ENSG00000164342,TLR3
3929,ENSG00000129988,LBP
54472,ENSG00000078902,TOLLIP
51284,ENSG00000196664,TLR7
51311,ENSG00000101916,TLR8
22900,ENSG00000105483,CARD8
152138,ENSG00000253548,PYDC2
9051,ENSG00000140368,PSTPIP1
7158,ENSG00000067369,TP53BP1
5027,ENSG00000089041,P2RX7
51393,ENSG00000187688,TRPV2
54822,ENSG00000092439,TRPM7
7226,ENSG00000142185,TRPM2
24145,ENSG00000110218,PANX1
837,ENSG00000196954,CASP4
118429,ENSG00000163297,ANTXR2
84168,ENSG00000169604,ANTXR1
115362,ENSG00000154451,GBP5
2634,ENSG00000162645,GBP2
90550,ENSG00000156026,MCU
55914,ENSG00000112851,ERBIN
140609,ENSG00000151414,NEK7
115361,ENSG00000162654,GBP4
2633,ENSG00000117228,GBP1
2635,ENSG00000117226,GBP3
388646,ENSG00000213512,GBP7
79184,ENSG00000185515,BRCC3
260434,ENSG00000169900,PYDC1
25828,ENSG00000100348,TXN2
7295,ENSG00000136810,TXN
10010,ENSG00000136560,TANK
10135,ENSG00000105835,NAMPT
171389,ENSG00000174885,NLRP6
199713,ENSG00000167634,NLRP7
84674,ENSG00000132357,CARD6
7205,ENSG00000087077,TRIP6
79671,ENSG00000160703,NLRX1
114769,ENSG00000204397,CARD16
440068,ENSG00000255221,CARD17
59082,ENSG00000255501,CARD18
838,ENSG00000137757,CASP5
55669,ENSG00000171109,MFN1
9927,ENSG00000116688,MFN2
4938,ENSG00000089127,OAS1
4939,ENSG00000111335,OAS2
4940,ENSG00000111331,OAS3
6041,ENSG00000135828,RNASEL
100289462,ENSG00000177257,DEFB4B
1667,ENSG00000206047,DEFA1
1668,ENSG00000239839,DEFA3
1669,ENSG00000164821,DEFA4
1670,ENSG00000164816,DEFA5
1671,ENSG00000164822,DEFA6
1673,ENSG00000171711,DEFB4A
414325,ENSG00000176797,DEFB103A
55894,ENSG00000177243,DEFB103B
728358,ENSG00000240247,DEFA1B
653509,ENSG00000122852,SFTPA1
729238,ENSG00000185303,SFTPA2
269,ENSG00000135409,AMHR2
27190,ENSG00000127743,IL17B
83729,ENSG00000139269,INHBE
3626,ENSG00000175189,INHBC
84957,ENSG00000054967,RELT
55504,ENSG00000127863,TNFRSF19
8784,ENSG00000186891,TNFRSF18
7293,ENSG00000186827,TNFRSF4
3604,ENSG00000049249,TNFRSF9
943,ENSG00000120949,TNFRSF8
939,ENSG00000139193,CD27
8995,ENSG00000120337,TNFSF18
7292,ENSG00000117586,TNFSF4
8744,ENSG00000125657,TNFSF9
944,ENSG00000106952,TNFSF8
970,ENSG00000125726,CD70
4050,ENSG00000227507,LTB
27242,ENSG00000146072,TNFRSF21
51330,ENSG00000006327,TNFRSF12A
8742,ENSG00000239697,TNFSF12
8794,ENSG00000173535,TNFRSF10C
4982,ENSG00000164761,TNFRSF11B
8793,ENSG00000173530,TNFRSF10D
57007,ENSG00000144476,ACKR3
132014,ENSG00000163701,IL17RE
27189,ENSG00000124391,IL17C
284340,ENSG00000189377,CXCL17
133396,ENSG00000164509,IL31RA
9173,ENSG00000115602,IL1RL1
3603,ENSG00000172349,IL16
9235,ENSG00000008517,IL32
146433,ENSG00000157368,IL34
8718,ENSG00000215788,TNFRSF25
651,ENSG00000152785,BMP3
9518,ENSG00000130513,GDF15
56288,ENSG00000148498,PARD3
7185,ENSG00000056558,TRAF1
51588,ENSG00000105229,PIAS4
7329,ENSG00000103275,UBE2I
7706,ENSG00000121060,TRIM25
55367,ENSG00000177595,PIDD1
23085,ENSG00000082805,ERC1
699,ENSG00000169679,BUB1
8555,ENSG00000081377,CDC14B
8556,ENSG00000079335,CDC14A
5591,ENSG00000253729,PRKDC
9088,ENSG00000127564,PKMYT1
27127,ENSG00000077935,SMC1B
8243,ENSG00000072501,SMC1A
7272,ENSG00000112742,TTK
9126,ENSG00000108055,SMC3
10274,ENSG00000118007,STAG1
10735,ENSG00000101972,STAG2
5885,ENSG00000164754,RAD21
4194,ENSG00000198625,MDM4
56475,ENSG00000177519,RPRM
8493,ENSG00000170836,PPM1D
7161,ENSG00000078900,TP73
900,ENSG00000113328,CCNG1
901,ENSG00000138764,CCNG2
64326,ENSG00000143207,COP1
50484,ENSG00000048392,RRM2B
6241,ENSG00000171848,RRM2
1643,ENSG00000134574,DDB2
55240,ENSG00000115107,STEAP3
5268,ENSG00000206075,SERPINB5
3732,ENSG00000085117,CD82
575,ENSG00000181790,ADGRB1
64393,ENSG00000172667,ZMAT3
9538,ENSG00000149547,EI24
9540,ENSG00000115129,TP53I3
51512,ENSG00000075218,GTSE1
25898,ENSG00000163743,RCHY1
64065,ENSG00000112378,PERP
51246,ENSG00000164054,SHISA5
143686,ENSG00000149212,SESN3
27244,ENSG00000080546,SESN1
83667,ENSG00000130766,SESN2
92344,ENSG00000120370,GORAB
84883,ENSG00000042286,AIFM2
821,ENSG00000127022,CANX
23645,ENSG00000087074,PPP1R15A
10952,ENSG00000106803,SEC61B
23480,ENSG00000132432,SEC61G
29927,ENSG00000058262,SEC61A1
55176,ENSG00000065665,SEC61A2
1603,ENSG00000129562,DAD1
1650,ENSG00000244038,DDOST
201595,ENSG00000163527,STT3B
3703,ENSG00000134910,STT3A
6184,ENSG00000163902,RPN1
6185,ENSG00000118705,RPN2
7991,ENSG00000104723,TUSC3
55741,ENSG00000088298,EDEM2
80267,ENSG00000116406,EDEM3
9695,ENSG00000134109,EDEM1
10960,ENSG00000169223,LMAN2
3998,ENSG00000074695,LMAN1
7353,ENSG00000070010,UFD1
10905,ENSG00000198162,MAN1A2
11253,ENSG00000177239,MAN1B1
4121,ENSG00000111885,MAN1A1
57134,ENSG00000117643,MAN1C1
23193,ENSG00000089597,GANAB
5589,ENSG00000130175,PRKCSH
7841,ENSG00000115275,MOGS
55757,ENSG00000102595,UGGT2
56886,ENSG00000136731,UGGT1
10299,ENSG00000145495,MARCHF6
84447,ENSG00000162298,SYVN1
7326,ENSG00000132388,UBE2G1
7327,ENSG00000184787,UBE2G2
3309,ENSG00000044574,HSPA5
11231,ENSG00000025796,SEC63
7095,ENSG00000008952,SEC62
8720,ENSG00000140943,MBTPS1
51360,ENSG00000012174,MBTPS2
5886,ENSG00000179262,RAD23A
5887,ENSG00000119318,RAD23B
29978,ENSG00000188021,UBQLN2
29979,ENSG00000135018,UBQLN1
50613,ENSG00000175520,UBQLN3
56893,ENSG00000160803,UBQLN4
55768,ENSG00000151092,NGLY1
118424,ENSG00000160087,UBE2J2
51465,ENSG00000198833,UBE2J1
10277,ENSG00000130939,UBE4B
55432,ENSG00000180667,YOD1
4287,ENSG00000066427,ATXN3
92552,ENSG00000123594,ATXN3L
9373,ENSG00000137055,PLAA
6400,ENSG00000071537,SEL1L
80343,ENSG00000101251,SEL1L2
51009,ENSG00000072849,DERL2
79139,ENSG00000136986,DERL1
91319,ENSG00000099958,DERL3
10956,ENSG00000135506,OS9
9709,ENSG00000051108,HERPUD1
27248,ENSG00000068912,ERLEC1
55829,ENSG00000131871,SELENOS
26232,ENSG00000116661,FBXO2
26270,ENSG00000116663,FBXO6
51619,ENSG00000078967,UBE2D4
7321,ENSG00000072401,UBE2D1
7322,ENSG00000131508,UBE2D2
7323,ENSG00000109332,UBE2D3
10294,ENSG00000069345,DNAJA2
285126,ENSG00000163793,DNAJC5G
3300,ENSG00000135924,DNAJB2
3301,ENSG00000086061,DNAJA1
3337,ENSG00000132002,DNAJB1
54788,ENSG00000148719,DNAJB12
80331,ENSG00000101152,DNAJC5
85479,ENSG00000147570,DNAJC5B
10273,ENSG00000103266,STUB1
51726,ENSG00000090520,DNAJB11
54431,ENSG00000077232,DNAJC10
64215,ENSG00000136770,DNAJC1
55968,ENSG00000088833,NSFL1C
80700,ENSG00000167671,UBXN6
6048,ENSG00000204308,RNF5
91445,ENSG00000138942,RNF185
79748,ENSG00000140506,LMAN1L
23471,ENSG00000067167,TRAM1
5071,ENSG00000185345,PRKN
10808,ENSG00000120694,HSPH1
22824,ENSG00000164070,HSPA4L
23640,ENSG00000133265,HSPBP1
573,ENSG00000107262,BAG1
9532,ENSG00000112208,BAG2
102724652,ENSG00000276076,CRYAA2
1409,ENSG00000160202,CRYAA
1410,ENSG00000109846,CRYAB
10525,ENSG00000149428,HYOU1
64374,ENSG00000120725,SIL1
10970,ENSG00000136026,CKAP4
6238,ENSG00000125844,RRBP1
10134,ENSG00000185825,BCAP31
6745,ENSG00000124783,SSR1
6746,ENSG00000163479,SSR2
6747,ENSG00000114850,SSR3
6748,ENSG00000180879,SSR4
267,ENSG00000159461,AMFR
10312,ENSG00000110719,TCIRG1
23545,ENSG00000185344,ATP6V0A2
245972,ENSG00000147614,ATP6V0D2
50617,ENSG00000105929,ATP6V0A4
51606,ENSG00000047249,ATP6V1H
527,ENSG00000185883,ATP6V0C
533,ENSG00000117410,ATP6V0B
535,ENSG00000033627,ATP6V0A1
9114,ENSG00000159720,ATP6V0D1
1510,ENSG00000196188,CTSE
5476,ENSG00000064601,CTSA
9476,ENSG00000131400,NAPSA
5641,ENSG00000100600,LGMN
1200,ENSG00000166340,TPP1
2717,ENSG00000102393,GLA
2720,ENSG00000170266,GLB1
2548,ENSG00000171298,GAA
2629,ENSG00000177628,GBA
3073,ENSG00000213614,HEXA
3074,ENSG00000049860,HEXB
4126,ENSG00000109323,MANBA
4125,ENSG00000104774,MAN2B1
4668,ENSG00000198951,NAGA
2990,ENSG00000169919,GUSB
4758,ENSG00000204386,NEU1
2581,ENSG00000054983,GALC
4669,ENSG00000108784,NAGLU
3425,ENSG00000127415,IDUA
2517,ENSG00000179163,FUCA1
22901,ENSG00000141337,ARSG
410,ENSG00000100299,ARSA
411,ENSG00000113273,ARSB
2799,ENSG00000135677,GNS
3423,ENSG00000010404,IDS
6448,ENSG00000181523,SGSH
2588,ENSG00000141012,GALNS
3988,ENSG00000107798,LIPA
23659,ENSG00000103066,PLA2G15
1777,ENSG00000105612,DNASE2
58511,ENSG00000137976,DNASE2B
53,ENSG00000134575,ACP2
6609,ENSG00000166311,SMPD1
427,ENSG00000104763,ASAH1
175,ENSG00000038002,AGA
79158,ENSG00000111670,GNPTAB
84572,ENSG00000090581,GNPTG
2760,ENSG00000196743,GM2A
5660,ENSG00000197746,PSAP
768239,ENSG00000178597,PSAPL1
5538,ENSG00000131238,PPT1
9374,ENSG00000221988,PPT2
27074,ENSG00000078081,LAMP3
3916,ENSG00000185896,LAMP1
3920,ENSG00000005893,LAMP2
968,ENSG00000129226,CD68
950,ENSG00000138760,SCARB2
1497,ENSG00000040531,CTNS
26503,ENSG00000119899,SLC17A5
55353,ENSG00000104341,LAPTM4B
7805,ENSG00000162511,LAPTM5
9741,ENSG00000068697,LAPTM4A
23457,ENSG00000150967,ABCB9
20,ENSG00000107331,ABCA2
4891,ENSG00000110911,SLC11A2
6556,ENSG00000018280,SLC11A1
10577,ENSG00000119655,NPC2
4864,ENSG00000141458,NPC1
1201,ENSG00000188603,CLN3
1203,ENSG00000102805,CLN5
8763,ENSG00000135535,CD164
9583,ENSG00000197217,ENTPD4
6272,ENSG00000134243,SORT1
256471,ENSG00000164073,MFSD8
138050,ENSG00000165102,HGSNAT
1211,ENSG00000122705,CLTA
1212,ENSG00000175416,CLTB
1213,ENSG00000141367,CLTC
8218,ENSG00000070371,CLTCL1
3482,ENSG00000197081,IGF2R
4074,ENSG00000003056,M6PR
51172,ENSG00000103174,NAGPA
10053,ENSG00000129354,AP1M2
1174,ENSG00000106367,AP1S1
130340,ENSG00000152056,AP1S3
162,ENSG00000100280,AP1B1
164,ENSG00000166747,AP1G1
8905,ENSG00000182287,AP1S2
8906,ENSG00000213983,AP1G2
8907,ENSG00000072958,AP1M1
10239,ENSG00000157823,AP3S2
10947,ENSG00000070718,AP3M2
1176,ENSG00000177879,AP3S1
26985,ENSG00000185009,AP3M1
8120,ENSG00000103723,AP3B2
8546,ENSG00000132842,AP3B1
8943,ENSG00000065000,AP3D1
23062,ENSG00000103365,GGA2
23163,ENSG00000125447,GGA3
26088,ENSG00000100083,GGA1
10717,ENSG00000134262,AP4B1
11154,ENSG00000100478,AP4S1
23431,ENSG00000081014,AP4E1
9179,ENSG00000221838,AP4M1
3373,ENSG00000114378,HYAL1
285362,ENSG00000144455,SUMF1
57192,ENSG00000090674,MCOLN1
9516,ENSG00000189067,LITAF
9554,ENSG00000265808,SEC22B
53407,ENSG00000168818,STX18
9341,ENSG00000049245,VAMP3
2204,ENSG00000186431,FCAR
4481,ENSG00000038945,MSR1
9146,ENSG00000185359,HGS
127124,ENSG00000151418,ATP6V1G3
155066,ENSG00000171130,ATP6V0E2
245973,ENSG00000143882,ATP6V1C2
51382,ENSG00000100554,ATP6V1D
523,ENSG00000114573,ATP6V1A
525,ENSG00000116039,ATP6V1B1
526,ENSG00000147416,ATP6V1B2
528,ENSG00000155097,ATP6V1C1
529,ENSG00000131100,ATP6V1E1
534,ENSG00000213760,ATP6V1G2
8992,ENSG00000113732,ATP6V0E1
90423,ENSG00000250565,ATP6V1E2
9296,ENSG00000128524,ATP6V1F
9550,ENSG00000136888,ATP6V1G1
4353,ENSG00000005381,MPO
200576,ENSG00000115020,PIKFYVE
23673,ENSG00000117758,STX12
8417,ENSG00000079950,STX7
948,ENSG00000135218,CD36
8685,ENSG00000019169,MARCO
4973,ENSG00000173391,OLR1
4842,ENSG00000089250,NOS1
949,ENSG00000073060,SCARB1
6441,ENSG00000133661,SFTPD
78989,ENSG00000118004,COLEC11
81035,ENSG00000158270,COLEC12
7037,ENSG00000072274,TFRC
11151,ENSG00000102879,CORO1A
1977,ENSG00000151247,EIF4E
253314,ENSG00000175766,EIF4E1B
9470,ENSG00000135930,EIF4E2
2997,ENSG00000104812,GYS1
2998,ENSG00000111713,GYS2
5105,ENSG00000124253,PCK1
5106,ENSG00000100889,PCK2
2538,ENSG00000131482,G6PC
57818,ENSG00000152254,G6PC2
92579,ENSG00000141349,G6PC3
672,ENSG00000012048,BRCA1
4602,ENSG00000118513,MYB
100533105,ENSG00000270024,C8orf44-SGK3
10110,ENSG00000101049,SGK2
23678,ENSG00000104205,SGK3
6446,ENSG00000118515,SGK1
9223,ENSG00000151276,MAGI1
9863,ENSG00000187391,MAGI2
1676,ENSG00000160049,DFFA
2021,ENSG00000167136,ENDOG
1677,ENSG00000169598,DFFB
6708,ENSG00000163554,SPTA1
6709,ENSG00000197694,SPTAN1
5783,ENSG00000163629,PTPN13
835,ENSG00000106144,CASP2
5551,ENSG00000180644,PRF1
8739,ENSG00000135116,HRK
3146,ENSG00000189403,HMGB1
81030,ENSG00000124256,ZBP1
27005,ENSG00000143258,USP21
5834,ENSG00000100994,PYGB
5836,ENSG00000100504,PYGL
5837,ENSG00000068976,PYGM
2752,ENSG00000135821,GLUL
2746,ENSG00000148672,GLUD1
2747,ENSG00000182890,GLUD2
2495,ENSG00000167996,FTH1
2512,ENSG00000087086,FTL
100526767,ENSG00000249884,RNF103-CHMP3
128866,ENSG00000101421,CHMP4B
25978,ENSG00000083937,CHMP2B
27183,ENSG00000132612,VPS4A
27243,ENSG00000130724,CHMP2A
29082,ENSG00000254505,CHMP4A
5119,ENSG00000131165,CHMP1A
51510,ENSG00000086065,CHMP5
51652,ENSG00000115561,CHMP3
57132,ENSG00000255112,CHMP1B
79643,ENSG00000176108,CHMP6
91782,ENSG00000147457,CHMP7
92421,ENSG00000164695,CHMP4C
9525,ENSG00000119541,VPS4B
246,ENSG00000161905,ALOX15
4361,ENSG00000020922,MRE11
4683,ENSG00000104320,NBN
144715,ENSG00000151164,RAD9B
5883,ENSG00000172613,RAD9A
3364,ENSG00000136273,HUS1
677,ENSG00000185650,ZFP36L1
678,ENSG00000152518,ZFP36L2
59341,ENSG00000111199,TRPV4
4286,ENSG00000187098,MITF
27035,ENSG00000007952,NOX1
10288,ENSG00000131042,LILRB2
10859,ENSG00000104972,LILRB1
10990,ENSG00000105609,LILRB5
11006,ENSG00000186818,LILRB4
11024,ENSG00000104974,LILRA1
11025,ENSG00000204577,LILRB3
11026,ENSG00000276175,LILRA3
11027,ENSG00000239998,LILRA2
126014,ENSG00000170909,OSCAR
23547,ENSG00000239961,LILRA4
353514,ENSG00000187116,LILRA5
79168,ENSG00000244482,LILRA6
10326,ENSG00000101307,SIRPB1
140885,ENSG00000198053,SIRPA
54209,ENSG00000095970,TREM2
55423,ENSG00000089012,SIRPG
214,ENSG00000170017,ALCAM
923,ENSG00000013725,CD6
6693,ENSG00000197471,SPN
6614,ENSG00000088827,SIGLEC1
4756,ENSG00000067141,NEO1
1013,ENSG00000129910,CDH15
1002,ENSG00000179242,CDH4
1001,ENSG00000062038,CDH3
999,ENSG00000039068,CDH1
5010,ENSG00000013297,CLDN11
1462,ENSG00000038427,VCAN
4099,ENSG00000105695,MAG
4359,ENSG00000158887,MPZ
9019,ENSG00000197965,MPZL1
26047,ENSG00000174469,CNTNAP2
8506,ENSG00000108797,CNTNAP1
5797,ENSG00000173482,PTPRM
4897,ENSG00000091129,NRCAM
9672,ENSG00000162512,SDC3
5792,ENSG00000142949,PTPRF
257194,ENSG00000172260,NEGR1
57863,ENSG00000162706,CADM3
23705,ENSG00000182985,CADM1
1000,ENSG00000170558,CDH2
4684,ENSG00000149294,NCAM1
4685,ENSG00000154654,NCAM2
5818,ENSG00000110400,NECTIN1
2734,ENSG00000090863,GLG1
6403,ENSG00000174175,SELP
947,ENSG00000174059,CD34
4267,ENSG00000002586,CD99
5175,ENSG00000261371,PECAM1
914,ENSG00000116824,CD2
1003,ENSG00000179776,CDH5
90952,ENSG00000149564,ESAM
80380,ENSG00000197646,PDCD1LG2
100506658,ENSG00000197822,OCLN
100132463,ENSG00000185758,CLDN24
10686,ENSG00000113946,CLDN16
1364,ENSG00000189143,CLDN4
1365,ENSG00000165215,CLDN3
1366,ENSG00000181885,CLDN7
137075,ENSG00000253958,CLDN23
149461,ENSG00000164007,CLDN19
23562,ENSG00000159261,CLDN14
24146,ENSG00000106404,CLDN15
26285,ENSG00000156282,CLDN17
49861,ENSG00000171217,CLDN20
51208,ENSG00000066405,CLDN18
53842,ENSG00000177300,CLDN22
644672,ENSG00000228607,CLDN25
7122,ENSG00000184113,CLDN5
9071,ENSG00000134873,CLDN10
9073,ENSG00000156284,CLDN8
9074,ENSG00000184697,CLDN6
9075,ENSG00000165376,CLDN2
9076,ENSG00000163347,CLDN1
9080,ENSG00000213937,CLDN9
80381,ENSG00000103855,CD276
79679,ENSG00000134258,VTCN1
22854,ENSG00000162631,NTNG1
84628,ENSG00000196358,NTNG2
57689,ENSG00000148948,LRRC4C
64101,ENSG00000128594,LRRC4
94030,ENSG00000131409,LRRC4B
64115,ENSG00000107738,VSIR
152404,ENSG00000144847,IGSF11
10437,ENSG00000216490,IFI30
115653,ENSG00000242019,KIR3DL3
8302,ENSG00000183542,KLRC4
567,ENSG00000166710,B2M
3308,ENSG00000170606,HSPA4
1154,ENSG00000114737,CISH
10401,ENSG00000131788,PIAS3
8554,ENSG00000033800,PIAS1
9063,ENSG00000078043,PIAS2
2273,ENSG00000022267,FHL1
5292,ENSG00000137193,PIM1
316,ENSG00000138356,AOX1
2670,ENSG00000131095,GFAP
2811,ENSG00000185245,GP1BA
2812,ENSG00000203618,GP1BB
2814,ENSG00000178732,GP5
2815,ENSG00000169704,GP9
928,ENSG00000010278,CD9
966,ENSG00000085063,CD59
2993,ENSG00000170180,GYPA
290,ENSG00000166825,ANPEP
945,ENSG00000105383,CD33
951,ENSG00000104894,CD37
931,ENSG00000156738,MS4A1
100133941,ENSG00000272398,CD24
4311,ENSG00000196549,MME
909,ENSG00000158477,CD1A
910,ENSG00000158485,CD1B
911,ENSG00000158481,CD1C
912,ENSG00000158473,CD1D
913,ENSG00000158488,CD1E
921,ENSG00000110448,CD5
924,ENSG00000173762,CD7
952,ENSG00000004468,CD38
1791,ENSG00000107447,DNTT
147700,ENSG00000104892,KLC3
3831,ENSG00000126214,KLC1
64837,ENSG00000174996,KLC2
89953,ENSG00000137171,KLC4
117157,ENSG00000198574,SH2D1B
4068,ENSG00000183918,SH2D1A
962,ENSG00000117091,CD48
9436,ENSG00000096264,NCR2
1994,ENSG00000066044,ELAVL1
6426,ENSG00000136450,SRSF1
225689,ENSG00000181085,MAPK15
5596,ENSG00000141639,MAPK4
5597,ENSG00000069956,MAPK6
4586,ENSG00000215182,MUC5AC
4322,ENSG00000137745,MMP13
29761,ENSG00000155313,USP25
4312,ENSG00000196611,MMP1
4314,ENSG00000149968,MMP3
3934,ENSG00000148346,LCN2
727897,ENSG00000117983,MUC5B
6278,ENSG00000143556,S100A7
6279,ENSG00000143546,S100A8
6280,ENSG00000163220,S100A9
9618,ENSG00000076604,TRAF4
10683,ENSG00000090932,DLL3
28514,ENSG00000198719,DLL1
54567,ENSG00000128917,DLL4
4323,ENSG00000157227,MMP14
1906,ENSG00000078401,EDN1
9530,ENSG00000156735,BAG4
975,ENSG00000110651,CD81
8519,ENSG00000185885,IFITM1
3635,ENSG00000168918,INPP5D
3636,ENSG00000165458,INPPL1
974,ENSG00000007312,CD79B
973,ENSG00000105369,CD79A
971,ENSG00000137101,CD72
2206,ENSG00000149534,MS4A2
2205,ENSG00000179639,FCER1A
240,ENSG00000012779,ALOX5
241,ENSG00000132965,ALOX5AP
7408,ENSG00000125753,VASP
50807,ENSG00000153317,ASAP1
55616,ENSG00000088280,ASAP3
8853,ENSG00000151693,ASAP2
4651,ENSG00000145555,MYO10
2934,ENSG00000148180,GSN
85477,ENSG00000006747,SCIN
8611,ENSG00000067113,PLPP1
8612,ENSG00000141934,PLPP2
8613,ENSG00000162407,PLPP3
57379,ENSG00000111732,AICDA
5284,ENSG00000162896,PIGR
3382,ENSG00000003147,ICA1
1363,ENSG00000109472,CPE
5798,ENSG00000054356,PTPRN
5799,ENSG00000155093,PTPRN2
2571,ENSG00000128683,GAD1
2572,ENSG00000136750,GAD2
3329,ENSG00000144381,HSPD1
338339,ENSG00000166527,CLEC4D
51266,ENSG00000165682,CLEC1B
4035,ENSG00000123384,LRP1
2532,ENSG00000213088,ACKR1
2994,ENSG00000250361,GYPB
2995,ENSG00000136732,GYPC
3039,ENSG00000206172,HBA1
3040,ENSG00000188536,HBA2
3043,ENSG00000244734,HBB
3820,ENSG00000111796,KLRB1
3687,ENSG00000140678,ITGAX
3656,ENSG00000134070,IRAK2
4583,ENSG00000284971,MUC2
383,ENSG00000118520,ARG1
384,ENSG00000081181,ARG2
731,ENSG00000157131,C8A
732,ENSG00000021852,C8B
733,ENSG00000176919,C8G
735,ENSG00000113600,C9
2774,ENSG00000141404,GNAL
7414,ENSG00000035403,VCL
81,ENSG00000130402,ACTN4
87,ENSG00000072110,ACTN1
1281,ENSG00000168542,COL3A1
5269,ENSG00000124570,SERPINB6
5272,ENSG00000170542,SERPINB9
5273,ENSG00000242550,SERPINB10
5275,ENSG00000197641,SERPINB13
6317,ENSG00000057149,SERPINB3
6318,ENSG00000206073,SERPINB4
3949,ENSG00000130164,LDLR
4599,ENSG00000157601,MX1
6554,ENSG00000100652,SLC10A1
64135,ENSG00000115267,IFIH1
1654,ENSG00000215301,DDX3X
115004,ENSG00000164430,CGAS
8829,ENSG00000099250,NRP1
6513,ENSG00000117394,SLC2A1
7094,ENSG00000137076,TLN1
83660,ENSG00000171914,TLN2
8295,ENSG00000196367,TRRAP
10524,ENSG00000172977,KAT5
706,ENSG00000100300,TSPO
7514,ENSG00000082898,XPO1
5901,ENSG00000132341,RAN
8498,ENSG00000031823,RANBP3
5902,ENSG00000099901,RANBP1
55697,ENSG00000103043,VAC14
7015,ENSG00000164362,TERT
2874,ENSG00000132522,GPS2
387332,ENSG00000182521,TBPL2
6908,ENSG00000112592,TBP
9519,ENSG00000028839,TBPL1
2648,ENSG00000108773,KAT2A
8850,ENSG00000114166,KAT2B
5423,ENSG00000070501,POLB
23373,ENSG00000105662,CRTC1
64784,ENSG00000140577,CRTC3
4487,ENSG00000163132,MSX1
4488,ENSG00000120149,MSX2
4316,ENSG00000137673,MMP7
131450,ENSG00000163606,CD200R1
344807,ENSG00000206531,CD200R1L
9976,ENSG00000110852,CLEC2B
7314,ENSG00000170315,UBB
22938,ENSG00000100603,SNW1
7874,ENSG00000187555,USP7
4734,ENSG00000069869,NEDD4
10213,ENSG00000115233,PSMD14
11047,ENSG00000130706,ADRM1
5700,ENSG00000100764,PSMC1
5701,ENSG00000161057,PSMC2
5702,ENSG00000165916,PSMC3
5704,ENSG00000013275,PSMC4
5705,ENSG00000087191,PSMC5
5706,ENSG00000100519,PSMC6
5707,ENSG00000173692,PSMD1
5708,ENSG00000175166,PSMD2
5709,ENSG00000108344,PSMD3
5710,ENSG00000159352,PSMD4
5713,ENSG00000103035,PSMD7
5714,ENSG00000099341,PSMD8
5717,ENSG00000108671,PSMD11
5718,ENSG00000197170,PSMD12
5719,ENSG00000185627,PSMD13
7979,ENSG00000127922,SEM1
9861,ENSG00000163636,PSMD6
51426,ENSG00000122008,POLK
9636,ENSG00000187608,ISG15
25939,ENSG00000101347,SAMHD1
85363,ENSG00000132256,TRIM5
684,ENSG00000130303,BST2
2017,ENSG00000085733,CTTN
3059,ENSG00000180353,HCLS1
84309,ENSG00000168101,NUDT16L1
10855,ENSG00000173083,HPSE
60495,ENSG00000172987,HPSE2
6608,ENSG00000128602,SMO
858,ENSG00000105971,CAV2
859,ENSG00000182533,CAV3
1890,ENSG00000025708,TYMP
7380,ENSG00000100373,UPK3A
5467,ENSG00000112033,PPARD
51176,ENSG00000138795,LEF1
6932,ENSG00000081059,TCF7
6934,ENSG00000148737,TCF7L2
83439,ENSG00000152284,TCF7L1
11040,ENSG00000102096,PIM2
1053,ENSG00000092067,CEBPE
8864,ENSG00000132326,PER2
6444,ENSG00000170624,SGCD
6445,ENSG00000102683,SGCG
6443,ENSG00000163069,SGCB
6442,ENSG00000108823,SGCA
1981,ENSG00000114867,EIF4G1
1982,ENSG00000110321,EIF4G2
8672,ENSG00000075151,EIF4G3
1525,ENSG00000154639,CXADR
4624,ENSG00000197616,MYH6
4625,ENSG00000092054,MYH7
664,ENSG00000176171,BNIP3
23786,ENSG00000099968,BCL2L13
375,ENSG00000143761,ARF1
5861,ENSG00000138069,RAB1A
81876,ENSG00000174903,RAB1B
1195,ENSG00000013441,CLK1
1937,ENSG00000254772,EEF1G
1915,ENSG00000156508,EEF1A1
1917,ENSG00000101210,EEF1A2
10767,ENSG00000112339,HBS1L
345611,ENSG00000237693,IRGM
10105,ENSG00000108179,PPIF
728,ENSG00000197405,C5AR1
2357,ENSG00000171051,FPR1
3426,ENSG00000205403,CFI
2266,ENSG00000171557,FGG
1828,ENSG00000134760,DSG1
719,ENSG00000171860,C3AR1
3858,ENSG00000186395,KRT10
5724,ENSG00000169403,PTAFR
2358,ENSG00000171049,FPR2
2359,ENSG00000187474,FPR3
1672,ENSG00000164825,DEFB1
4179,ENSG00000117335,CD46
8667,ENSG00000147677,EIF3H
51209,ENSG00000123570,RAB9B
9367,ENSG00000123595,RAB9A
103,ENSG00000160710,ADAR
23430,ENSG00000095917,TPSD1
64499,ENSG00000197253,TPSB2
7177,ENSG00000172236,TPSAB1
5644,ENSG00000204983,PRSS1
5645,ENSG00000275896,PRSS2
5646,ENSG00000010438,PRSS3
3836,ENSG00000114030,KPNA1
3838,ENSG00000182481,KPNA2
10898,ENSG00000160917,CPSF4
100529063,ENSG00000258643,BCL2L2-PABPN1
390748,ENSG00000205022,PABPN1L
8106,ENSG00000100836,PABPN1
10482,ENSG00000162231,NXF1
55998,ENSG00000126952,NXF5
56000,ENSG00000147206,NXF3
56001,ENSG00000269405,NXF2
728343,ENSG00000269437,NXF2B
29107,ENSG00000132661,NXT1
55916,ENSG00000101888,NXT2
8480,ENSG00000101146,RAE1
11100,ENSG00000105323,HNRNPUL1
4928,ENSG00000110713,NUP98
56649,ENSG00000137648,TMPRSS4
7113,ENSG00000184012,TMPRSS2
9407,ENSG00000153802,TMPRSS11D
8766,ENSG00000103769,RAB11A
9230,ENSG00000185236,RAB11B
10241,ENSG00000136436,CALCOCO2
1636,ENSG00000159640,ACE
2130,ENSG00000182944,EWSR1
2313,ENSG00000151702,FLI1
2078,ENSG00000157554,ERG
2115,ENSG00000006468,ETV1
2118,ENSG00000175832,ETV4
54738,ENSG00000163497,FEV
466,ENSG00000123268,ATF1
7490,ENSG00000184937,WT1
8013,ENSG00000119508,NR4A3
2521,ENSG00000089280,FUS
5077,ENSG00000135903,PAX3
5081,ENSG00000009709,PAX7
6760,ENSG00000141380,SS18
6756,ENSG00000126752,SSX1
6757,ENSG00000241476,SSX2
727837,ENSG00000268447,SSX2B
79058,ENSG00000169696,ASPSCR1
7030,ENSG00000068323,TFE3
3398,ENSG00000115738,ID2
9915,ENSG00000172379,ARNT2
8938,ENSG00000007516,BAIAP3
7102,ENSG00000156298,TSPAN7
4291,ENSG00000178053,MLF1
26471,ENSG00000176046,NUPR1
64332,ENSG00000144802,NFKBIZ
7849,ENSG00000125618,PAX8
5546,ENSG00000143294,PRCC
2119,ENSG00000244405,ETV5
85414,ENSG00000158715,SLC45A3
6935,ENSG00000148516,ZEB1
6692,ENSG00000166145,SPINT1
5966,ENSG00000162924,REL
5087,ENSG00000185630,PBX1
2120,ENSG00000139083,ETV6
51513,ENSG00000010030,ETV7
9611,ENSG00000141027,NCOR1
4297,ENSG00000118058,KMT2A
4299,ENSG00000172493,AFF1
4005,ENSG00000135363,LMO2
860,ENSG00000124813,RUNX2
3205,ENSG00000078399,HOXA9
3206,ENSG00000253293,HOXA10
5090,ENSG00000167081,PBX3
4086,ENSG00000170365,SMAD1
51274,ENSG00000109787,KLF3
221037,ENSG00000171988,JMJD1C
7403,ENSG00000147050,KDM6A
7404,ENSG00000183878,UTY
8091,ENSG00000149948,HMGA2
8464,ENSG00000196284,SUPT3H
8842,ENSG00000007062,PROM1
55589,ENSG00000138756,BMP2K
5218,ENSG00000058091,CDK14
5079,ENSG00000196092,PAX5
4613,ENSG00000134323,MYCN
100532731,ENSG00000269897,COMMD3-BMI1
648,ENSG00000168283,BMI1
4221,ENSG00000133895,MEN1
1025,ENSG00000136807,CDK9
904,ENSG00000129315,CCNT1
905,ENSG00000082258,CCNT2
4298,ENSG00000130382,MLLT1
4300,ENSG00000171843,MLLT3
84444,ENSG00000104885,DOT1L
1991,ENSG00000197561,ELANE
4211,ENSG00000143995,MEIS1
3207,ENSG00000005073,HOXA11
6495,ENSG00000126778,SIX1
51804,ENSG00000100625,SIX4
2138,ENSG00000104313,EYA1
3248,ENSG00000164120,HPGD
2892,ENSG00000125675,GRIA3
2530,ENSG00000033170,FUT8
3195,ENSG00000107807,TLX1
30012,ENSG00000164438,TLX3
64919,ENSG00000127152,BCL11B
604,ENSG00000113916,BCL6
7468,ENSG00000109685,NSD2
126961,ENSG00000203811,H3C14
3020,ENSG00000163041,H3-3A
3021,ENSG00000132475,H3-3B
333932,ENSG00000203852,H3C15
440093,ENSG00000188375,H3-5
653604,ENSG00000183598,H3C13
8290,ENSG00000168148,H3-4
8350,ENSG00000275714,H3C1
8351,ENSG00000197409,H3C4
8352,ENSG00000287080,H3C3
8353,ENSG00000274750,H3C6
8354,ENSG00000275379,H3C11
8355,ENSG00000273983,H3C8
8356,ENSG00000197153,H3C12
8357,ENSG00000278828,H3C10
8358,ENSG00000286522,H3C2
8968,ENSG00000277775,H3C7
8148,ENSG00000270647,TAF15
5327,ENSG00000104368,PLAT
8861,ENSG00000198728,LDB1
4066,ENSG00000104903,LYL1
3087,ENSG00000152804,HHEX
171558,ENSG00000171611,PTCRA
6037,ENSG00000169397,RNASE3
5553,ENSG00000186652,PRG2
8288,ENSG00000121053,EPX
7173,ENSG00000115705,TPO
7038,ENSG00000042832,TG
7253,ENSG00000165409,TSHR
7252,ENSG00000134200,TSHB
5741,ENSG00000152266,PTH
7374,ENSG00000076248,UNG
3543,ENSG00000128322,IGLL1
100,ENSG00000196839,ADA
84876,ENSG00000276045,ORAI1
