"Entrez","Ensembl","Symbol"
"6928","ENSG00000275410","HNF1B"
"3280","ENSG00000114315","HES1"
"168620","ENSG00000180535","BHLHA15"
"3175","ENSG00000169856","ONECUT1"
"2645","ENSG00000106633","GCK"
"3651","ENSG00000139515","PDX1"
"3171","ENSG00000170608","FOXA3"
"4760","ENSG00000162992","NEUROD1"
"389692","ENSG00000182759","MAFA"
"3174","ENSG00000164749","HNF4G"
"4821","ENSG00000125820","NKX2-2"
"3630","ENSG00000254647","INS"
"6927","ENSG00000135100","HNF1A"
"3375","ENSG00000121351","IAPP"
"5078","ENSG00000106331","PAX4"
"5080","ENSG00000007372","PAX6"
"6514","ENSG00000163581","SLC2A2"
"4825","ENSG00000163623","NKX6-1"
"5313","ENSG00000143627","PKLR"
"2494","ENSG00000116833","NR5A2"
"50674","ENSG00000122859","NEUROG3"
"3172","ENSG00000101076","HNF4A"
"3087","ENSG00000152804","HHEX"
"3110","ENSG00000130675","MNX1"
"3170","ENSG00000125798","FOXA2"
"222546","ENSG00000185002","RFX6"
"886","ENSG00000163394","CCKAR"
"1131","ENSG00000133019","CHRM3"
"6558","ENSG00000064651","SLC12A2"
"2776","ENSG00000156052","GNAQ"
"23236","ENSG00000182621","PLCB1"
"5330","ENSG00000137841","PLCB2"
"5331","ENSG00000149782","PLCB3"
"5332","ENSG00000101333","PLCB4"
"3708","ENSG00000150995","ITPR1"
"3709","ENSG00000123104","ITPR2"
"3710","ENSG00000096433","ITPR3"
"490","ENSG00000070961","ATP2B1"
"491","ENSG00000157087","ATP2B2"
"492","ENSG00000067842","ATP2B3"
"493","ENSG00000058668","ATP2B4"
"5578","ENSG00000154229","PRKCA"
"5579","ENSG00000166501","PRKCB"
"5582","ENSG00000126583","PRKCG"
"3784","ENSG00000053918","KCNQ1"
"3778","ENSG00000156113","KCNMA1"
"23439","ENSG00000101892","ATP1B4"
"476","ENSG00000163399","ATP1A1"
"477","ENSG00000018625","ATP1A2"
"478","ENSG00000105409","ATP1A3"
"480","ENSG00000132681","ATP1A4"
"481","ENSG00000143153","ATP1B1"
"482","ENSG00000129244","ATP1B2"
"483","ENSG00000069849","ATP1B3"
"486","ENSG00000137731","FXYD2"
"6548","ENSG00000090020","SLC9A1"
"1811","ENSG00000091138","SLC26A3"
"1080","ENSG00000001626","CFTR"
"6344","ENSG00000080293","SCTR"
"6522","ENSG00000164889","SLC4A2"
"1179","ENSG00000016490","CLCA1"
"22802","ENSG00000016602","CLCA4"
"9635","ENSG00000137975","CLCA2"
"760","ENSG00000104267","CA2"
"6262","ENSG00000198626","RYR2"
"219931","ENSG00000162341","TPCN2"
"276","ENSG00000237763","AMY1A"
"277","ENSG00000174876","AMY1B"
"278","ENSG00000187733","AMY1C"
"279","ENSG00000243480","AMY2A"
"280","ENSG00000240038","AMY2B"
"8671","ENSG00000080493","SLC4A4"
"5644","ENSG00000204983","PRSS1"
"5645","ENSG00000275896","PRSS2"
"5646","ENSG00000010438","PRSS3"
"1357","ENSG00000091704","CPA1"
"1358","ENSG00000158516","CPA2"
"1359","ENSG00000163751","CPA3"
"1360","ENSG00000153002","CPB1"
"1361","ENSG00000080618","CPB2"
"10136","ENSG00000142789","CELA3A"
"23436","ENSG00000219073","CELA3B"
"51032","ENSG00000215704","CELA2B"
"63036","ENSG00000142615","CELA2A"
"5407","ENSG00000187021","PNLIPRP1"
"5408","ENSG00000266200","PNLIPRP2"
"1056","ENSG00000170835","CEL"
"26279","ENSG00000117215","PLA2G2D"
"30814","ENSG00000188784","PLA2G2E"
"391013","ENSG00000187980","PLA2G2C"
"50487","ENSG00000100078","PLA2G3"
"5319","ENSG00000170890","PLA2G1B"
"5320","ENSG00000188257","PLA2G2A"
"5322","ENSG00000127472","PLA2G5"
"64600","ENSG00000158786","PLA2G2F"
"81579","ENSG00000123739","PLA2G12A"
"8399","ENSG00000069764","PLA2G10"
"84647","ENSG00000138308","PLA2G12B"
"5406","ENSG00000175535","PNLIP"
"487","ENSG00000196296","ATP2A1"
"488","ENSG00000174437","ATP2A2"
"489","ENSG00000074370","ATP2A3"
"7220","ENSG00000144935","TRPC1"
"1504","ENSG00000168925","CTRB1"
"440387","ENSG00000168928","CTRB2"
"683","ENSG00000109743","BST1"
"952","ENSG00000004468","CD38"
"2778","ENSG00000087460","GNAS"
"107","ENSG00000164742","ADCY1"
"108","ENSG00000078295","ADCY2"
"109","ENSG00000138031","ADCY3"
"111","ENSG00000173175","ADCY5"
"112","ENSG00000174233","ADCY6"
"113","ENSG00000121281","ADCY7"
"114","ENSG00000155897","ADCY8"
"115","ENSG00000162104","ADCY9"
"196883","ENSG00000129467","ADCY4"
"1506","ENSG00000141086","CTRL"
"4218","ENSG00000167461","RAB8A"
"5874","ENSG00000041353","RAB27B"
"8766","ENSG00000103769","RAB11A"
"9545","ENSG00000105514","RAB3D"
"5906","ENSG00000116473","RAP1A"
"5908","ENSG00000127314","RAP1B"
"387","ENSG00000067560","RHOA"
"5879","ENSG00000136238","RAC1"
"6343","ENSG00000070031","SCT"
"885","ENSG00000187094","CCK"
"6505","ENSG00000106688","SLC1A1"
"11136","ENSG00000021488","SLC7A9"
"23428","ENSG00000092068","SLC7A8"
"54407","ENSG00000134294","SLC38A2"
"9056","ENSG00000155465","SLC7A7"
"6564","ENSG00000088386","SLC15A1"
"340024","ENSG00000174358","SLC6A19"
"6510","ENSG00000105281","SLC1A5"
"6519","ENSG00000138079","SLC3A1"
"6520","ENSG00000168003","SLC3A2"
"5222","ENSG00000256713","PGA5"
"643834","ENSG00000229859","PGA3"
"643847","ENSG00000229183","PGA4"
"6550","ENSG00000066230","SLC9A3"
"10008","ENSG00000175538","KCNE3"
"3769","ENSG00000115474","KCNJ13"
"3783","ENSG00000104783","KCNN4"
"8645","ENSG00000164626","KCNK5"
"120103","ENSG00000180773","SLC36A4"
"153201","ENSG00000186335","SLC36A2"
"206358","ENSG00000123643","SLC36A1"
"285641","ENSG00000186334","SLC36A3"
"6543","ENSG00000118160","SLC8A2"
"6546","ENSG00000183023","SLC8A1"
"6547","ENSG00000100678","SLC8A3"
"1803","ENSG00000197635","DPP4"
"4224","ENSG00000112818","MEP1A"
"4225","ENSG00000141434","MEP1B"
"4311","ENSG00000196549","MME"
"5547","ENSG00000137509","PRCP"
"59272","ENSG00000130234","ACE2"
"7512","ENSG00000122121","XPNPEP2"
"2006","ENSG00000049540","ELN"
"1277","ENSG00000108821","COL1A1"
"1278","ENSG00000164692","COL1A2"
"1280","ENSG00000139219","COL2A1"
"1281","ENSG00000168542","COL3A1"
"1282","ENSG00000187498","COL4A1"
"1284","ENSG00000134871","COL4A2"
"1285","ENSG00000169031","COL4A3"
"1286","ENSG00000081052","COL4A4"
"1287","ENSG00000188153","COL4A5"
"1288","ENSG00000197565","COL4A6"
"1289","ENSG00000130635","COL5A1"
"1290","ENSG00000204262","COL5A2"
"1291","ENSG00000142156","COL6A1"
"1292","ENSG00000142173","COL6A2"
"1293","ENSG00000163359","COL6A3"
"1294","ENSG00000114270","COL7A1"
"1295","ENSG00000144810","COL8A1"
"1296","ENSG00000171812","COL8A2"
"1297","ENSG00000112280","COL9A1"
"1298","ENSG00000049089","COL9A2"
"1299","ENSG00000092758","COL9A3"
"1300","ENSG00000123500","COL10A1"
"1301","ENSG00000060718","COL11A1"
"1302","ENSG00000204248","COL11A2"
"1303","ENSG00000111799","COL12A1"
"1305","ENSG00000197467","COL13A1"
"1306","ENSG00000204291","COL15A1"
"1307","ENSG00000084636","COL16A1"
"1308","ENSG00000065618","COL17A1"
"1310","ENSG00000082293","COL19A1"
"131873","ENSG00000206384","COL6A6"
"136227","ENSG00000160963","COL26A1"
"169044","ENSG00000169436","COL22A1"
"255631","ENSG00000171502","COL24A1"
"256076","ENSG00000172752","COL6A5"
"340267","ENSG00000215018","COL28A1"
"50509","ENSG00000080573","COL5A3"
"57642","ENSG00000101203","COL20A1"
"7373","ENSG00000187955","COL14A1"
"80781","ENSG00000182871","COL18A1"
"81578","ENSG00000124749","COL21A1"
"84570","ENSG00000188517","COL25A1"
"85301","ENSG00000196739","COL27A1"
"91522","ENSG00000050767","COL23A1"
"117247","ENSG00000112394","SLC16A10"
"2161","ENSG00000131187","F12"
"2160","ENSG00000088926","F11"
"2158","ENSG00000101981","F9"
"2159","ENSG00000126218","F10"
"2155","ENSG00000057593","F7"
"2243","ENSG00000171560","FGA"
"2244","ENSG00000171564","FGB"
"2266","ENSG00000171557","FGG"
"2162","ENSG00000124491","F13A1"
"2165","ENSG00000143278","F13B"
"7035","ENSG00000003436","TFPI"
"2149","ENSG00000181104","F2R"
"3053","ENSG00000099937","SERPIND1"
"462","ENSG00000117601","SERPINC1"
"7450","ENSG00000110799","VWF"
"5104","ENSG00000188488","SERPINA5"
"5054","ENSG00000106366","SERPINE1"
"5055","ENSG00000197632","SERPINB2"
"5340","ENSG00000122194","PLG"
"3827","ENSG00000113889","KNG1"
"3818","ENSG00000164344","KLKB1"
"5328","ENSG00000122861","PLAU"
"5327","ENSG00000104368","PLAT"
"623","ENSG00000100739","BDKRB1"
"624","ENSG00000168398","BDKRB2"
"4153","ENSG00000165471","MBL2"
"10747","ENSG00000009724","MASP2"
"5648","ENSG00000127241","MASP1"
"712","ENSG00000173372","C1QA"
"713","ENSG00000173369","C1QB"
"714","ENSG00000159189","C1QC"
"715","ENSG00000159403","C1R"
"716","ENSG00000182326","C1S"
"718","ENSG00000125730","C3"
"710","ENSG00000149131","SERPING1"
"3075","ENSG00000000971","CFH"
"727","ENSG00000106804","C5"
"729","ENSG00000039537","C6"
"730","ENSG00000112936","C7"
"731","ENSG00000157131","C8A"
"732","ENSG00000021852","C8B"
"733","ENSG00000176919","C8G"
"735","ENSG00000113600","C9"
"966","ENSG00000085063","CD59"
"4179","ENSG00000117335","CD46"
"1604","ENSG00000196352","CD55"
"722","ENSG00000123838","C4BPA"
"725","ENSG00000123843","C4BPB"
"5627","ENSG00000184500","PROS1"
"5624","ENSG00000115718","PROC"
"7056","ENSG00000178726","THBD"
"5265","ENSG00000197249","SERPINA1"
"2147","ENSG00000180210","F2"
"2","ENSG00000175899","A2M"
"5345","ENSG00000167711","SERPINF2"
"720","ENSG00000244731","C4A"
"721","ENSG00000224389","C4B"
"717","ENSG00000166278","C2"
"3426","ENSG00000205403","CFI"
"2153","ENSG00000198734","F5"
"2157","ENSG00000185010","F8"
"1191","ENSG00000120885","CLU"
"7448","ENSG00000109072","VTN"
"1378","ENSG00000203710","CR1"
"1379","ENSG00000197721","CR1L"
"5329","ENSG00000011422","PLAUR"
"2151","ENSG00000164220","F2RL2"
"9002","ENSG00000127533","F2RL3"
"10544","ENSG00000101000","PROCR"
"2152","ENSG00000117525","F3"
"1380","ENSG00000117322","CR2"
"3684","ENSG00000169896","ITGAM"
"3689","ENSG00000160255","ITGB2"
"3687","ENSG00000140678","ITGAX"
"11326","ENSG00000155659","VSIG4"
"728","ENSG00000197405","C5AR1"
"719","ENSG00000171860","C3AR1"
"629","ENSG00000243649","CFB"
"1675","ENSG00000197766","CFD"
"10878","ENSG00000116785","CFHR3"
"3078","ENSG00000244414","CFHR1"
"3080","ENSG00000080910","CFHR2"
"81494","ENSG00000134389","CFHR5"
"10877","ENSG00000134365","CFHR4"
"10319","ENSG00000050555","LAMC3"
"22798","ENSG00000091128","LAMB4"
"284217","ENSG00000101680","LAMA1"
"3908","ENSG00000196569","LAMA2"
"3909","ENSG00000053747","LAMA3"
"3910","ENSG00000112769","LAMA4"
"3911","ENSG00000130702","LAMA5"
"3912","ENSG00000091136","LAMB1"
"3913","ENSG00000172037","LAMB2"
"3914","ENSG00000196878","LAMB3"
"3915","ENSG00000135862","LAMC1"
"3918","ENSG00000058085","LAMC2"
"1605","ENSG00000173402","DAG1"
"3371","ENSG00000041982","TNC"
"63923","ENSG00000120332","TNN"
"7143","ENSG00000116147","TNR"
"7148","ENSG00000168477","TNXB"
"51206","ENSG00000088053","GP6"
"2815","ENSG00000169704","GP9"
"2812","ENSG00000203618","GP1BB"
"2811","ENSG00000185245","GP1BA"
"2814","ENSG00000178732","GP5"
"3381","ENSG00000029559","IBSP"
"6696","ENSG00000118785","SPP1"
"2335","ENSG00000115414","FN1"
"1311","ENSG00000105664","COMP"
"7057","ENSG00000137801","THBS1"
"7058","ENSG00000186340","THBS2"
"7059","ENSG00000169231","THBS3"
"7060","ENSG00000113296","THBS4"
"3690","ENSG00000259207","ITGB3"
"3688","ENSG00000150093","ITGB1"
"3655","ENSG00000091409","ITGA6"
"3685","ENSG00000138448","ITGAV"
"3676","ENSG00000115232","ITGA4"
"3161","ENSG00000072571","HMMR"
"961","ENSG00000196776","CD47"
"948","ENSG00000135218","CD36"
"22987","ENSG00000122012","SV2C"
"9899","ENSG00000185518","SV2B"
"9900","ENSG00000159164","SV2A"
"6382","ENSG00000115884","SDC1"
"6385","ENSG00000124145","SDC4"
"3339","ENSG00000142798","HSPG2"
"3691","ENSG00000132470","ITGB4"
"3696","ENSG00000105855","ITGB8"
"3694","ENSG00000115221","ITGB6"
"3693","ENSG00000082781","ITGB5"
"3674","ENSG00000005961","ITGA2B"
"3695","ENSG00000139626","ITGB7"
"22801","ENSG00000137809","ITGA11"
"8515","ENSG00000143127","ITGA10"
"3680","ENSG00000144668","ITGA9"
"8516","ENSG00000077943","ITGA8"
"3679","ENSG00000135424","ITGA7"
"3678","ENSG00000161638","ITGA5"
"3675","ENSG00000005884","ITGA3"
"3672","ENSG00000213949","ITGA1"
"255743","ENSG00000168743","NPNT"
"1101","ENSG00000136457","CHAD"
"5649","ENSG00000189056","RELN"
"960","ENSG00000026508","CD44"
"3673","ENSG00000164171","ITGA2"
"375790","ENSG00000188157","AGRN"
"158326","ENSG00000164946","FREM1"
"341640","ENSG00000150893","FREM2"
"80144","ENSG00000138759","FRAS1"
"1834","ENSG00000152591","DSPP"
"1758","ENSG00000152592","DMP1"
"366","ENSG00000103569","AQP9"
"5566","ENSG00000072062","PRKACA"
"5567","ENSG00000142875","PRKACB"
"5568","ENSG00000165059","PRKACG"
"10599","ENSG00000134538","SLCO1B1"
"28234","ENSG00000111700","SLCO1B3"
"338821","ENSG00000205754","SLCO1B7"
"6579","ENSG00000084453","SLCO1A2"
"2052","ENSG00000143819","EPHX1"
"6554","ENSG00000100652","SLC10A1"
"8647","ENSG00000073734","ABCB11"
"1244","ENSG00000023839","ABCC2"
"10257","ENSG00000125257","ABCC4"
"8714","ENSG00000108846","ABCC3"
"1581","ENSG00000167910","CYP7A1"
"9971","ENSG00000012504","NR1H4"
"64240","ENSG00000138075","ABCG5"
"64241","ENSG00000143921","ABCG8"
"10864","ENSG00000137204","SLC22A7"
"9376","ENSG00000149452","SLC22A8"
"6580","ENSG00000175003","SLC22A1"
"6555","ENSG00000125255","SLC10A2"
"5244","ENSG00000005471","ABCB4"
"5243","ENSG00000085563","ABCB1"
"6523","ENSG00000100170","SLC5A1"
"6513","ENSG00000117394","SLC2A1"
"343","ENSG00000103375","AQP8"
"8431","ENSG00000131910","NR0B2"
"1576","ENSG00000160868","CYP3A4"
"10720","ENSG00000213759","UGT2B11"
"10941","ENSG00000173610","UGT2A1"
"54490","ENSG00000135226","UGT2B28"
"54575","ENSG00000242515","UGT1A10"
"54576","ENSG00000242366","UGT1A8"
"54577","ENSG00000244122","UGT1A7"
"54578","ENSG00000167165","UGT1A6"
"54579","ENSG00000240224","UGT1A5"
"54600","ENSG00000241119","UGT1A9"
"54657","ENSG00000244474","UGT1A4"
"54658","ENSG00000241635","UGT1A1"
"54659","ENSG00000243135","UGT1A3"
"574537","ENSG00000271271","UGT2A2"
"7363","ENSG00000156096","UGT2B4"
"7364","ENSG00000171234","UGT2B7"
"7365","ENSG00000109181","UGT2B10"
"7366","ENSG00000196620","UGT2B15"
"7367","ENSG00000197888","UGT2B17"
"79799","ENSG00000135220","UGT2A3"
"6822","ENSG00000105398","SULT2A1"
"10998","ENSG00000083807","SLC27A5"
"570","ENSG00000136881","BAAT"
"200931","ENSG00000163959","SLC51A"
"123264","ENSG00000186198","SLC51B"
"361","ENSG00000171885","AQP4"
"358","ENSG00000240583","AQP1"
"9429","ENSG00000118777","ABCG2"
"57835","ENSG00000188687","SLC4A5"
"3781","ENSG00000080709","KCNN2"
"6256","ENSG00000186350","RXRA"
"949","ENSG00000073060","SCARB1"
"3949","ENSG00000130164","LDLR"
"3156","ENSG00000113161","HMGCR"
"57552","ENSG00000144959","NCEH1"
"1977","ENSG00000151247","EIF4E"
"253314","ENSG00000175766","EIF4E1B"
"9470","ENSG00000135930","EIF4E2"
"1978","ENSG00000187840","EIF4EBP1"
"6194","ENSG00000137154","RPS6"
"1975","ENSG00000063046","EIF4B"
"6198","ENSG00000108443","RPS6KB1"
"6199","ENSG00000175634","RPS6KB2"
"57521","ENSG00000141564","RPTOR"
"2475","ENSG00000198793","MTOR"
"64223","ENSG00000167965","MLST8"
"6009","ENSG00000106615","RHEB"
"7249","ENSG00000103197","TSC2"
"7248","ENSG00000165699","TSC1"
"10000","ENSG00000117020","AKT3"
"207","ENSG00000142208","AKT1"
"208","ENSG00000105221","AKT2"
"5170","ENSG00000140992","PDPK1"
"5290","ENSG00000121879","PIK3CA"
"5291","ENSG00000051382","PIK3CB"
"5293","ENSG00000171608","PIK3CD"
"5295","ENSG00000145675","PIK3R1"
"5296","ENSG00000105647","PIK3R2"
"8503","ENSG00000117461","PIK3R3"
"5728","ENSG00000171862","PTEN"
"3667","ENSG00000169047","IRS1"
"1436","ENSG00000182578","CSF1R"
"1956","ENSG00000146648","EGFR"
"1969","ENSG00000142627","EPHA2"
"2064","ENSG00000141736","ERBB2"
"2065","ENSG00000065361","ERBB3"
"2066","ENSG00000178568","ERBB4"
"2260","ENSG00000077782","FGFR1"
"2261","ENSG00000068078","FGFR3"
"2263","ENSG00000066468","FGFR2"
"2264","ENSG00000160867","FGFR4"
"2321","ENSG00000102755","FLT1"
"2322","ENSG00000122025","FLT3"
"2324","ENSG00000037280","FLT4"
"3480","ENSG00000140443","IGF1R"
"3643","ENSG00000171105","INSR"
"3791","ENSG00000128052","KDR"
"3815","ENSG00000157404","KIT"
"4233","ENSG00000105976","MET"
"4804","ENSG00000064300","NGFR"
"4914","ENSG00000198400","NTRK1"
"4915","ENSG00000148053","NTRK2"
"5156","ENSG00000134853","PDGFRA"
"5159","ENSG00000113721","PDGFRB"
"7010","ENSG00000120156","TEK"
"10161","ENSG00000139679","LPAR6"
"1128","ENSG00000168539","CHRM1"
"1129","ENSG00000181072","CHRM2"
"1902","ENSG00000198121","LPAR1"
"23566","ENSG00000171517","LPAR3"
"2846","ENSG00000147145","LPAR4"
"57121","ENSG00000184574","LPAR5"
"9170","ENSG00000064547","LPAR2"
"2932","ENSG00000082701","GSK3B"
"4609","ENSG00000136997","MYC"
"1027","ENSG00000111276","CDKN1B"
"5934","ENSG00000103479","RBL2"
"356","ENSG00000117560","FASLG"
"10018","ENSG00000153094","BCL2L11"
"2309","ENSG00000118689","FOXO3"
"572","ENSG00000002330","BAD"
"4193","ENSG00000135679","MDM2"
"598","ENSG00000171552","BCL2L1"
"7157","ENSG00000141510","TP53"
"2997","ENSG00000104812","GYS1"
"2998","ENSG00000111713","GYS2"
"595","ENSG00000110092","CCND1"
"5105","ENSG00000124253","PCK1"
"5106","ENSG00000100889","PCK2"
"2538","ENSG00000131482","G6PC"
"57818","ENSG00000152254","G6PC2"
"92579","ENSG00000141349","G6PC3"
"1147","ENSG00000213341","CHUK"
"3551","ENSG00000104365","IKBKB"
"8517","ENSG00000269335","IKBKG"
"4790","ENSG00000109320","NFKB1"
"5970","ENSG00000173039","RELA"
"10971","ENSG00000134308","YWHAQ"
"7529","ENSG00000166913","YWHAB"
"7531","ENSG00000108953","YWHAE"
"7532","ENSG00000170027","YWHAG"
"7533","ENSG00000128245","YWHAH"
"7534","ENSG00000164924","YWHAZ"
"1435","ENSG00000184371","CSF1"
"1942","ENSG00000169242","EFNA1"
"1943","ENSG00000099617","EFNA2"
"1944","ENSG00000143590","EFNA3"
"1945","ENSG00000243364","EFNA4"
"1946","ENSG00000184349","EFNA5"
"1950","ENSG00000138798","EGF"
"2069","ENSG00000124882","EREG"
"2246","ENSG00000113578","FGF1"
"2247","ENSG00000138685","FGF2"
"2248","ENSG00000186895","FGF3"
"2249","ENSG00000075388","FGF4"
"2250","ENSG00000138675","FGF5"
"2251","ENSG00000111241","FGF6"
"2252","ENSG00000140285","FGF7"
"2253","ENSG00000107831","FGF8"
"2254","ENSG00000102678","FGF9"
"2255","ENSG00000070193","FGF10"
"2277","ENSG00000165197","VEGFD"
"2323","ENSG00000090554","FLT3LG"
"26281","ENSG00000078579","FGF20"
"26291","ENSG00000105550","FGF21"
"27006","ENSG00000070388","FGF22"
"284","ENSG00000154188","ANGPT1"
"285","ENSG00000091879","ANGPT2"
"3082","ENSG00000019991","HGF"
"3479","ENSG00000017427","IGF1"
"3481","ENSG00000167244","IGF2"
"374","ENSG00000109321","AREG"
"4254","ENSG00000049130","KITLG"
"4803","ENSG00000134259","NGF"
"4908","ENSG00000185652","NTF3"
"4909","ENSG00000225950","NTF4"
"51378","ENSG00000101280","ANGPT4"
"5154","ENSG00000197461","PDGFA"
"5155","ENSG00000100311","PDGFB"
"5228","ENSG00000119630","PGF"
"56034","ENSG00000145431","PDGFC"
"627","ENSG00000176697","BDNF"
"7039","ENSG00000163235","TGFA"
"7422","ENSG00000112715","VEGFA"
"7423","ENSG00000173511","VEGFB"
"7424","ENSG00000150630","VEGFC"
"80310","ENSG00000170962","PDGFD"
"8074","ENSG00000118972","FGF23"
"8817","ENSG00000156427","FGF18"
"8822","ENSG00000158815","FGF17"
"8823","ENSG00000196468","FGF16"
"9965","ENSG00000162344","FGF19"
"2885","ENSG00000177885","GRB2"
"6654","ENSG00000115904","SOS1"
"6655","ENSG00000100485","SOS2"
"3265","ENSG00000174775","HRAS"
"3845","ENSG00000133703","KRAS"
"4893","ENSG00000213281","NRAS"
"117145","ENSG00000159445","THEM4"
"28227","ENSG00000167393","PPP2R3B"
"55012","ENSG00000092020","PPP2R3C"
"5515","ENSG00000113575","PPP2CA"
"5516","ENSG00000104695","PPP2CB"
"5518","ENSG00000105568","PPP2R1A"
"5519","ENSG00000137713","PPP2R1B"
"5520","ENSG00000221914","PPP2R2A"
"5521","ENSG00000156475","PPP2R2B"
"5522","ENSG00000074211","PPP2R2C"
"5523","ENSG00000073711","PPP2R3A"
"5525","ENSG00000066027","PPP2R5A"
"5526","ENSG00000068971","PPP2R5B"
"5527","ENSG00000078304","PPP2R5C"
"5528","ENSG00000112640","PPP2R5D"
"5529","ENSG00000154001","PPP2R5E"
"55844","ENSG00000175470","PPP2R2D"
"3320","ENSG00000080824","HSP90AA1"
"3326","ENSG00000096384","HSP90AB1"
"7184","ENSG00000166598","HSP90B1"
"11140","ENSG00000105401","CDC37"
"4846","ENSG00000164867","NOS3"
"5562","ENSG00000132356","PRKAA1"
"5563","ENSG00000162409","PRKAA2"
"54541","ENSG00000168209","DDIT4"
"6794","ENSG00000118046","STK11"
"200186","ENSG00000160741","CRTC2"
"23035","ENSG00000040199","PHLPP2"
"23239","ENSG00000081913","PHLPP1"
"1026","ENSG00000124762","CDKN1A"
"1017","ENSG00000123374","CDK2"
"1019","ENSG00000135446","CDK4"
"1021","ENSG00000105810","CDK6"
"842","ENSG00000132906","CASP9"
"146850","ENSG00000276231","PIK3R6"
"23533","ENSG00000141506","PIK3R5"
"5294","ENSG00000105851","PIK3CG"
"5894","ENSG00000132155","RAF1"
"5604","ENSG00000169032","MAP2K1"
"5605","ENSG00000126934","MAP2K2"
"5594","ENSG00000100030","MAPK1"
"5595","ENSG00000102882","MAPK3"
"102723407","ENSG00000275063","LOC102723407"
"930","ENSG00000177455","CD19"
"6850","ENSG00000165025","SYK"
"10681","ENSG00000069966","GNB5"
"2782","ENSG00000078369","GNB1"
"2783","ENSG00000172354","GNB2"
"2784","ENSG00000111664","GNB3"
"2785","ENSG00000162188","GNG3"
"2786","ENSG00000168243","GNG4"
"2787","ENSG00000174021","GNG5"
"2788","ENSG00000176533","GNG7"
"2790","ENSG00000242616","GNG10"
"2791","ENSG00000127920","GNG11"
"2792","ENSG00000127928","GNGT1"
"2793","ENSG00000167083","GNGT2"
"51764","ENSG00000127588","GNG13"
"54331","ENSG00000186469","GNG2"
"55970","ENSG00000172380","GNG12"
"59345","ENSG00000114450","GNB4"
"94235","ENSG00000167414","GNG8"
"5747","ENSG00000169398","PTK2"
"7097","ENSG00000137462","TLR2"
"7099","ENSG00000136869","TLR4"
"1441","ENSG00000119535","CSF3R"
"2057","ENSG00000187266","EPOR"
"2690","ENSG00000112964","GHR"
"3454","ENSG00000142166","IFNAR1"
"3455","ENSG00000159110","IFNAR2"
"3559","ENSG00000134460","IL2RA"
"3560","ENSG00000100385","IL2RB"
"3561","ENSG00000147168","IL2RG"
"3563","ENSG00000185291","IL3RA"
"3566","ENSG00000077238","IL4R"
"3570","ENSG00000160712","IL6R"
"3575","ENSG00000168685","IL7R"
"5618","ENSG00000113494","PRLR"
"9180","ENSG00000145623","OSMR"
"3716","ENSG00000162434","JAK1"
"3717","ENSG00000096968","JAK2"
"3718","ENSG00000105639","JAK3"
"1440","ENSG00000108342","CSF3"
"1442","ENSG00000136488","CSH1"
"1443","ENSG00000213218","CSH2"
"2056","ENSG00000130427","EPO"
"2688","ENSG00000259384","GH1"
"2689","ENSG00000136487","GH2"
"3439","ENSG00000197919","IFNA1"
"3440","ENSG00000188379","IFNA2"
"3441","ENSG00000236637","IFNA4"
"3442","ENSG00000147873","IFNA5"
"3443","ENSG00000120235","IFNA6"
"3444","ENSG00000214042","IFNA7"
"3445","ENSG00000120242","IFNA8"
"3446","ENSG00000186803","IFNA10"
"3447","ENSG00000233816","IFNA13"
"3448","ENSG00000228083","IFNA14"
"3449","ENSG00000147885","IFNA16"
"3451","ENSG00000234829","IFNA17"
"3452","ENSG00000137080","IFNA21"
"3456","ENSG00000171855","IFNB1"
"3558","ENSG00000109471","IL2"
"3562","ENSG00000164399","IL3"
"3565","ENSG00000113520","IL4"
"3569","ENSG00000136244","IL6"
"3574","ENSG00000104432","IL7"
"5008","ENSG00000099985","OSM"
"5617","ENSG00000172179","PRL"
"672","ENSG00000012048","BRCA1"
"10488","ENSG00000107175","CREB3"
"1385","ENSG00000118260","CREB1"
"1386","ENSG00000115966","ATF2"
"1388","ENSG00000213676","ATF6B"
"148327","ENSG00000143578","CREB3L4"
"468","ENSG00000128272","ATF4"
"64764","ENSG00000182158","CREB3L2"
"84699","ENSG00000060566","CREB3L3"
"90993","ENSG00000157613","CREB3L1"
"9586","ENSG00000146592","CREB5"
"596","ENSG00000171791","BCL2"
"4170","ENSG00000143384","MCL1"
"4602","ENSG00000118513","MYB"
"29941","ENSG00000160447","PKN3"
"5585","ENSG00000123143","PKN1"
"5586","ENSG00000065243","PKN2"
"100533105","ENSG00000104205","C8orf44-SGK3"
"10110","ENSG00000101049","SGK2"
"23678","ENSG00000104205","SGK3"
"6446","ENSG00000118515","SGK1"
"118788","ENSG00000155629","PIK3AP1"
"894","ENSG00000118971","CCND2"
"896","ENSG00000112576","CCND3"
"898","ENSG00000105173","CCNE1"
"9134","ENSG00000175305","CCNE2"
"4515","ENSG00000214827","MTCP1"
"8115","ENSG00000100721","TCL1A"
"9623","ENSG00000213231","TCL1B"
"3164","ENSG00000123358","NR4A1"
"9223","ENSG00000151276","MAGI1"
"9863","ENSG00000187391","MAGI2"
"7074","ENSG00000156299","TIAM1"
"6093","ENSG00000067900","ROCK1"
"9475","ENSG00000134318","ROCK2"
"286","ENSG00000029534","ANK1"
"287","ENSG00000145362","ANK2"
"288","ENSG00000151150","ANK3"
"4659","ENSG00000058272","PPP1R12A"
"4660","ENSG00000077157","PPP1R12B"
"54776","ENSG00000125503","PPP1R12C"
"5499","ENSG00000172531","PPP1CA"
"5500","ENSG00000213639","PPP1CB"
"5501","ENSG00000186298","PPP1CC"
"815","ENSG00000070808","CAMK2A"
"816","ENSG00000058404","CAMK2B"
"817","ENSG00000145349","CAMK2D"
"818","ENSG00000148660","CAMK2G"
"2316","ENSG00000196924","FLNA"
"2317","ENSG00000136068","FLNB"
"2318","ENSG00000128591","FLNC"
"51196","ENSG00000138193","PLCE1"
"23365","ENSG00000196914","ARHGEF12"
"2549","ENSG00000109458","GAB1"
"998","ENSG00000070831","CDC42"
"5058","ENSG00000149269","PAK1"
"60","ENSG00000075624","ACTB"
"71","ENSG00000184009","ACTG1"
"8826","ENSG00000140575","IQGAP1"
"2002","ENSG00000126767","ELK1"
"2099","ENSG00000091831","ESR1"
"22800","ENSG00000133818","RRAS2"
"22808","ENSG00000158186","MRAS"
"6237","ENSG00000126458","RRAS"
"369","ENSG00000078061","ARAF"
"673","ENSG00000157764","BRAF"
"388112","ENSG00000255192","NANOGP8"
"79923","ENSG00000111704","NANOG"
"1655","ENSG00000108654","DDX5"
"29102","ENSG00000113360","DROSHA"
"406991","ENSG00000284190","MIR21"
"6774","ENSG00000168610","STAT3"
"2017","ENSG00000085733","CTTN"
"3059","ENSG00000180353","HCLS1"
"6714","ENSG00000197122","SRC"
"10451","ENSG00000134215","VAV3"
"7409","ENSG00000141968","VAV1"
"7410","ENSG00000160293","VAV2"
"9138","ENSG00000076928","ARHGEF1"
"4087","ENSG00000175387","SMAD2"
"4318","ENSG00000100985","MMP9"
"1499","ENSG00000168036","CTNNB1"
"84309","ENSG00000168101","NUDT16L1"
"5829","ENSG00000089159","PXN"
"1634","ENSG00000011465","DCN"
"27250","ENSG00000150593","PDCD4"
"7040","ENSG00000105329","TGFB1"
"867","ENSG00000110395","CBL"
"7078","ENSG00000100234","TIMP3"
"4313","ENSG00000087245","MMP2"
"3091","ENSG00000100644","HIF1A"
"7124","ENSG00000232810","TNF"
"3593","ENSG00000113302","IL12B"
"7023","ENSG00000090447","TFAP4"
"355","ENSG00000026103","FAS"
"4060","ENSG00000139329","LUM"
"7042","ENSG00000092969","TGFB2"
"10855","ENSG00000173083","HPSE"
"60495","ENSG00000172987","HPSE2"
"11211","ENSG00000111432","FZD10"
"2535","ENSG00000180340","FZD2"
"7855","ENSG00000163251","FZD5"
"7976","ENSG00000104290","FZD3"
"8321","ENSG00000157240","FZD1"
"8322","ENSG00000174804","FZD4"
"8323","ENSG00000164930","FZD6"
"8324","ENSG00000155760","FZD7"
"8325","ENSG00000177283","FZD8"
"8326","ENSG00000188763","FZD9"
"7471","ENSG00000125084","WNT1"
"6383","ENSG00000169439","SDC2"
"7430","ENSG00000092820","EZR"
"5962","ENSG00000137710","RDX"
"4478","ENSG00000147065","MSN"
"10818","ENSG00000166225","FRS2"
"5781","ENSG00000179295","PTPN11"
"5335","ENSG00000124181","PLCG1"
"5336","ENSG00000197943","PLCG2"
"2719","ENSG00000147257","GPC3"
"3549","ENSG00000163501","IHH"
"6469","ENSG00000164690","SHH"
"5727","ENSG00000185920","PTCH1"
"6608","ENSG00000128602","SMO"
"1514","ENSG00000135047","CTSL"
"1432","ENSG00000112062","MAPK14"
"5600","ENSG00000185386","MAPK11"
"5603","ENSG00000156711","MAPK13"
"6300","ENSG00000188130","MAPK12"
"3316","ENSG00000170276","HSPB2"
"5777","ENSG00000111679","PTPN6"
"117581","ENSG00000233608","TWIST2"
"7291","ENSG00000122691","TWIST1"
"406902","ENSG00000284038","MIR10A"
"406903","ENSG00000207744","MIR10B"
"3236","ENSG00000128710","HOXD10"
"2817","ENSG00000063660","GPC1"
"1839","ENSG00000113070","HBEGF"
"51384","ENSG00000002745","WNT16"
"54361","ENSG00000162552","WNT4"
"7472","ENSG00000105989","WNT2"
"7473","ENSG00000108379","WNT3"
"7474","ENSG00000114251","WNT5A"
"7475","ENSG00000115596","WNT6"
"7476","ENSG00000154764","WNT7A"
"7477","ENSG00000188064","WNT7B"
"7478","ENSG00000061492","WNT8A"
"7479","ENSG00000075290","WNT8B"
"7480","ENSG00000169884","WNT10B"
"7481","ENSG00000085741","WNT11"
"7482","ENSG00000134245","WNT2B"
"7483","ENSG00000143816","WNT9A"
"7484","ENSG00000158955","WNT9B"
"80326","ENSG00000135925","WNT10A"
"81029","ENSG00000111186","WNT5B"
"89780","ENSG00000154342","WNT3A"
"967","ENSG00000135404","CD63"
"836","ENSG00000164305","CASP3"
"857","ENSG00000105974","CAV1"
"858","ENSG00000105971","CAV2"
"859","ENSG00000182533","CAV3"
"50855","ENSG00000102981","PARD6A"
"84552","ENSG00000178184","PARD6G"
"84612","ENSG00000124171","PARD6B"
"56288","ENSG00000148498","PARD3"
"2770","ENSG00000127955","GNAI1"
"2771","ENSG00000114353","GNAI2"
"2773","ENSG00000065135","GNAI3"
"7852","ENSG00000121966","CXCR4"
"5880","ENSG00000128340","RAC2"
"5881","ENSG00000169750","RAC3"
"1630","ENSG00000187323","DCC"
"4773","ENSG00000101096","NFATC2"
"4775","ENSG00000072736","NFATC3"
"4776","ENSG00000100968","NFATC4"
"5530","ENSG00000138814","PPP3CA"
"5532","ENSG00000107758","PPP3CB"
"5533","ENSG00000120910","PPP3CC"
"5534","ENSG00000221823","PPP3R1"
"5535","ENSG00000188386","PPP3R2"
"22854","ENSG00000162631","NTNG1"
"59277","ENSG00000074527","NTN4"
"6586","ENSG00000184347","SLIT3"
"9353","ENSG00000145147","SLIT2"
"6585","ENSG00000187122","SLIT1"
"10298","ENSG00000130669","PAK4"
"106821730","ENSG00000137843","BUB1B-PAK6"
"5062","ENSG00000180370","PAK2"
"5063","ENSG00000077264","PAK3"
"56924","ENSG00000137843","PAK6"
"57144","ENSG00000101349","PAK5"
"5921","ENSG00000145715","RASA1"
"4690","ENSG00000158092","NCK1"
"64221","ENSG00000154134","ROBO3"
"6091","ENSG00000169855","ROBO1"
"25791","ENSG00000066248","NGEF"
"25","ENSG00000097007","ABL1"
"137970","ENSG00000156687","UNC5D"
"219699","ENSG00000107731","UNC5B"
"8633","ENSG00000182168","UNC5C"
"90249","ENSG00000113763","UNC5A"
"2041","ENSG00000146904","EPHA1"
"2042","ENSG00000044524","EPHA3"
"2043","ENSG00000116106","EPHA4"
"2044","ENSG00000145242","EPHA5"
"2045","ENSG00000135333","EPHA7"
"2046","ENSG00000070886","EPHA8"
"285220","ENSG00000080224","EPHA6"
"57689","ENSG00000148948","LRRC4C"
"6092","ENSG00000185008","ROBO2"
"4917","ENSG00000162068","NTN3"
"1947","ENSG00000090776","EFNB1"
"1948","ENSG00000125266","EFNB2"
"1949","ENSG00000108947","EFNB3"
"2047","ENSG00000154928","EPHB1"
"2048","ENSG00000133216","EPHB2"
"2049","ENSG00000182580","EPHB3"
"2050","ENSG00000196411","EPHB4"
"2051","ENSG00000106123","EPHB6"
"8482","ENSG00000138623","SEMA7A"
"2534","ENSG00000010810","FYN"
"9423","ENSG00000065320","NTN1"
"5998","ENSG00000138835","RGS3"
"10154","ENSG00000136040","PLXNC1"
"23654","ENSG00000196576","PLXNB2"
"5364","ENSG00000164050","PLXNB1"
"5365","ENSG00000198753","PLXNB3"
"5361","ENSG00000114554","PLXNA1"
"5362","ENSG00000076356","PLXNA2"
"55558","ENSG00000130827","PLXNA3"
"91584","ENSG00000221866","PLXNA4"
"10371","ENSG00000075213","SEMA3A"
"10512","ENSG00000075223","SEMA3C"
"223117","ENSG00000153993","SEMA3D"
"56920","ENSG00000010319","SEMA3G"
"6405","ENSG00000001617","SEMA3F"
"7869","ENSG00000012171","SEMA3B"
"9723","ENSG00000170381","SEMA3E"
"10500","ENSG00000143434","SEMA6C"
"10501","ENSG00000167680","SEMA6B"
"57556","ENSG00000092421","SEMA6A"
"80031","ENSG00000137872","SEMA6D"
"10505","ENSG00000135622","SEMA4F"
"10507","ENSG00000187764","SEMA4D"
"10509","ENSG00000185033","SEMA4B"
"54910","ENSG00000168758","SEMA4C"
"57715","ENSG00000095539","SEMA4G"
"64218","ENSG00000196189","SEMA4A"
"54437","ENSG00000082684","SEMA5B"
"9037","ENSG00000112902","SEMA5A"
"23380","ENSG00000266028","SRGAP2"
"57522","ENSG00000196935","SRGAP1"
"9901","ENSG00000196220","SRGAP3"
"8829","ENSG00000099250","NRP1"
"3897","ENSG00000198910","L1CAM"
"6387","ENSG00000107562","CXCL12"
"8440","ENSG00000071051","NCK2"
"64101","ENSG00000128594","LRRC4"
"84628","ENSG00000196358","NTNG2"
"3611","ENSG00000166333","ILK"
"655","ENSG00000101144","BMP7"
"658","ENSG00000138696","BMPR1B"
"659","ENSG00000204217","BMPR2"
"151449","ENSG00000143869","GDF7"
"3984","ENSG00000106683","LIMK1"
"6259","ENSG00000163785","RYK"
"7222","ENSG00000138741","TRPC3"
"7223","ENSG00000133107","TRPC4"
"7224","ENSG00000072315","TRPC5"
"7225","ENSG00000137672","TRPC6"
"5163","ENSG00000152256","PDK1"
"1808","ENSG00000092964","DPYSL2"
"29984","ENSG00000173156","RHOD"
"56896","ENSG00000157851","DPYSL5"
"27289","ENSG00000172602","RND1"
"3985","ENSG00000182541","LIMK2"
"1020","ENSG00000164885","CDK5"
"2242","ENSG00000182511","FES"
"1072","ENSG00000172757","CFL1"
"1073","ENSG00000165410","CFL2"
"5590","ENSG00000067606","PRKCZ"
"54434","ENSG00000084112","SSH1"
"54961","ENSG00000172830","SSH3"
"85464","ENSG00000141298","SSH2"
"55740","ENSG00000154380","ENAH"
"91653","ENSG00000144857","BOC"
"22885","ENSG00000173210","ABLIM3"
"3983","ENSG00000099204","ABLIM1"
"84448","ENSG00000163995","ABLIM2"
"4756","ENSG00000067141","NEO1"
"56963","ENSG00000182175","RGMA"
"103910","ENSG00000118680","MYL12B"
"10398","ENSG00000101335","MYL9"
"10627","ENSG00000101608","MYL12A"
"4636","ENSG00000215375","MYL5"
"3767","ENSG00000187486","KCNJ11"
"775","ENSG00000151067","CACNA1C"
"776","ENSG00000157388","CACNA1D"
"778","ENSG00000102001","CACNA1F"
"779","ENSG00000081248","CACNA1S"
"2740","ENSG00000112164","GLP1R"
"2767","ENSG00000088256","GNA11"
"2641","ENSG00000115263","GCG"
"2864","ENSG00000126266","FFAR1"
"54795","ENSG00000130529","TRPM4"
"11069","ENSG00000091428","RAPGEF4"
"6833","ENSG00000006071","ABCC8"
"9699","ENSG00000176406","RIMS2"
"6804","ENSG00000106089","STX1A"
"6616","ENSG00000132639","SNAP25"
"6844","ENSG00000220205","VAMP2"
"2695","ENSG00000159224","GIP"
"139760","ENSG00000147262","GPR119"
"116","ENSG00000141433","ADCYAP1"
"117","ENSG00000078549","ADCYAP1R1"
"27445","ENSG00000186472","PCLO"
"5864","ENSG00000105649","RAB3A"
"10242","ENSG00000197584","KCNMB2"
"157855","ENSG00000215262","KCNU1"
"27094","ENSG00000171121","KCNMB3"
"27345","ENSG00000135643","KCNMB4"
"3779","ENSG00000145936","KCNMB1"
"3780","ENSG00000105642","KCNN1"
"3782","ENSG00000143603","KCNN3"
"6716","ENSG00000277893","SRD5A2"
"367","ENSG00000169083","AR"
"4792","ENSG00000100906","NFKBIA"
"4824","ENSG00000167034","NKX3-1"
"354","ENSG00000142515","KLK3"
"51176","ENSG00000138795","LEF1"
"6932","ENSG00000081059","TCF7"
"6934","ENSG00000148737","TCF7L2"
"83439","ENSG00000152284","TCF7L1"
"1387","ENSG00000005339","CREBBP"
"2033","ENSG00000100393","EP300"
"2308","ENSG00000150907","FOXO1"
"1869","ENSG00000101412","E2F1"
"1870","ENSG00000007968","E2F2"
"1871","ENSG00000112242","E2F3"
"3645","ENSG00000027644","INSRR"
"5925","ENSG00000139687","RB1"
"2950","ENSG00000084207","GSTP1"
"7113","ENSG00000184012","TMPRSS2"
"2078","ENSG00000157554","ERG"
"2119","ENSG00000244405","ETV5"
"4314","ENSG00000149968","MMP3"
"6935","ENSG00000148516","ZEB1"
"7850","ENSG00000115590","IL1R2"
"6692","ENSG00000166145","SPINT1"
"7132","ENSG00000067182","TNFRSF1A"
"8717","ENSG00000102871","TRADD"
"7186","ENSG00000127191","TRAF2"
"7188","ENSG00000082512","TRAF5"
"8737","ENSG00000137275","RIPK1"
"329","ENSG00000110330","BIRC2"
"330","ENSG00000023445","BIRC3"
"6885","ENSG00000135341","MAP3K7"
"5609","ENSG00000076984","MAP2K7"
"6416","ENSG00000065559","MAP2K4"
"5606","ENSG00000034152","MAP2K3"
"5608","ENSG00000108984","MAP2K6"
"5599","ENSG00000107643","MAPK8"
"5601","ENSG00000050748","MAPK9"
"5602","ENSG00000109339","MAPK10"
"1326","ENSG00000107968","MAP3K8"
"8986","ENSG00000162302","RPS6KA4"
"9252","ENSG00000100784","RPS6KA5"
"1051","ENSG00000172216","CEBPB"
"2353","ENSG00000170345","FOS"
"3725","ENSG00000177606","JUN"
"8772","ENSG00000168040","FADD"
"841","ENSG00000064012","CASP8"
"840","ENSG00000165806","CASP7"
"6347","ENSG00000108691","CCL2"
"6352","ENSG00000271503","CCL5"
"6364","ENSG00000115009","CCL20"
"2919","ENSG00000163739","CXCL1"
"2920","ENSG00000081041","CXCL2"
"2921","ENSG00000163734","CXCL3"
"6372","ENSG00000124875","CXCL6"
"6374","ENSG00000163735","CXCL5"
"3627","ENSG00000169245","CXCL10"
"6376","ENSG00000006210","CX3CL1"
"1437","ENSG00000164400","CSF2"
"8809","ENSG00000115604","IL18R1"
"182","ENSG00000101384","JAG1"
"3553","ENSG00000125538","IL1B"
"3600","ENSG00000164136","IL15"
"3976","ENSG00000128342","LIF"
"4049","ENSG00000226979","LTA"
"602","ENSG00000069399","BCL3"
"9021","ENSG00000184557","SOCS3"
"7128","ENSG00000118503","TNFAIP3"
"7185","ENSG00000056558","TRAF1"
"3726","ENSG00000171223","JUNB"
"4323","ENSG00000157227","MMP14"
"1906","ENSG00000078401","EDN1"
"64127","ENSG00000167207","NOD2"
"3383","ENSG00000090339","ICAM1"
"6401","ENSG00000007908","SELE"
"7412","ENSG00000162692","VCAM1"
"5743","ENSG00000073756","PTGS2"
"7133","ENSG00000028137","TNFRSF1B"
"9020","ENSG00000006062","MAP3K14"
"7187","ENSG00000131323","TRAF3"
"11035","ENSG00000129465","RIPK3"
"9530","ENSG00000156735","BAG4"
"843","ENSG00000003400","CASP10"
"197259","ENSG00000168404","MLKL"
"192111","ENSG00000247077","PGAM5"
"10059","ENSG00000087470","DNM1L"
"10454","ENSG00000100324","TAB1"
"23118","ENSG00000055208","TAB2"
"257397","ENSG00000157625","TAB3"
"4217","ENSG00000197442","MAP3K5"
"83737","ENSG00000078747","ITCH"
"8837","ENSG00000003402","CFLAR"
"153090","ENSG00000136848","DAB2IP"
"3659","ENSG00000125347","IRF1"
"9123","ENSG00000141526","SLC16A3"
"27165","ENSG00000135423","GLS2"
"2744","ENSG00000115419","GLS"
"51548","ENSG00000077463","SIRT6"
"5160","ENSG00000131828","PDHA1"
"5161","ENSG00000163114","PDHA2"
"5162","ENSG00000168291","PDHB"
"23410","ENSG00000142082","SIRT3"
"5315","ENSG00000067225","PKM"
"160287","ENSG00000166800","LDHAL6A"
"3939","ENSG00000134333","LDHA"
"3945","ENSG00000111716","LDHB"
"3948","ENSG00000166796","LDHC"
"92483","ENSG00000171989","LDHAL6B"
"4916","ENSG00000140538","NTRK3"
"5979","ENSG00000165731","RET"
"3098","ENSG00000156515","HK1"
"3099","ENSG00000159399","HK2"
"3101","ENSG00000160883","HK3"
"80201","ENSG00000156510","HKDC1"
"441531","ENSG00000226784","PGAM4"
"5223","ENSG00000171314","PGAM1"
"5224","ENSG00000164708","PGAM2"
"57103","ENSG00000078237","TIGAR"
"5211","ENSG00000141959","PFKL"
"5213","ENSG00000152556","PFKM"
"5214","ENSG00000067057","PFKP"
"9997","ENSG00000284194","SCO2"
"8140","ENSG00000103257","SLC7A5"
"2539","ENSG00000160211","G6PD"
"3417","ENSG00000138413","IDH1"
"3418","ENSG00000182054","IDH2"
"340156","ENSG00000145949","MYLK4"
"4638","ENSG00000065534","MYLK"
"85366","ENSG00000101306","MYLK2"
"91807","ENSG00000140795","MYLK3"
"29895","ENSG00000180209","MYLPF"
"4633","ENSG00000111245","MYL2"
"58498","ENSG00000106631","MYL7"
"93408","ENSG00000106436","MYL10"
"1729","ENSG00000131504","DIAPH1"
"29780","ENSG00000188677","PARVB"
"55742","ENSG00000197702","PARVA"
"64098","ENSG00000138964","PARVG"
"7414","ENSG00000035403","VCL"
"7408","ENSG00000125753","VASP"
"7094","ENSG00000137076","TLN1"
"83660","ENSG00000171914","TLN2"
"7791","ENSG00000159840","ZYX"
"23396","ENSG00000186111","PIP5K1C"
"8394","ENSG00000143398","PIP5K1A"
"8395","ENSG00000107242","PIP5K1B"
"81","ENSG00000130402","ACTN4"
"87","ENSG00000072110","ACTN1"
"824","ENSG00000162909","CAPN2"
"2909","ENSG00000160007","ARHGAP35"
"394","ENSG00000100852","ARHGAP5"
"5923","ENSG00000058335","RASGRF1"
"331","ENSG00000101966","XIAP"
"25759","ENSG00000129946","SHC2"
"399694","ENSG00000185634","SHC4"
"53358","ENSG00000148082","SHC3"
"6464","ENSG00000160691","SHC1"
"9564","ENSG00000050820","BCAR1"
"1398","ENSG00000167193","CRK"
"1399","ENSG00000099942","CRKL"
"2889","ENSG00000107263","RAPGEF1"
"1793","ENSG00000150760","DOCK1"
"8600","ENSG00000120659","TNFSF11"
"8792","ENSG00000141655","TNFRSF11A"
"3605","ENSG00000112115","IL17A"
"3552","ENSG00000115008","IL1A"
"51561","ENSG00000110944","IL23A"
"7043","ENSG00000119699","TGFB3"
"4050","ENSG00000227507","LTB"
"3589","ENSG00000095752","IL11"
"3458","ENSG00000111537","IFNG"
"4312","ENSG00000196611","MMP1"
"3108","ENSG00000204257","HLA-DMA"
"3109","ENSG00000242574","HLA-DMB"
"3111","ENSG00000204252","HLA-DOA"
"3112","ENSG00000241106","HLA-DOB"
"3113","ENSG00000231389","HLA-DPA1"
"3115","ENSG00000223865","HLA-DPB1"
"3117","ENSG00000196735","HLA-DQA1"
"3118","ENSG00000237541","HLA-DQA2"
"3119","ENSG00000179344","HLA-DQB1"
"3122","ENSG00000204287","HLA-DRA"
"3123","ENSG00000196126","HLA-DRB1"
"3125","ENSG00000196101","HLA-DRB3"
"3126","ENSG00000231021","HLA-DRB4"
"3127","ENSG00000198502","HLA-DRB5"
"10312","ENSG00000110719","TCIRG1"
"127124","ENSG00000151418","ATP6V1G3"
"155066","ENSG00000171130","ATP6V0E2"
"23545","ENSG00000185344","ATP6V0A2"
"245972","ENSG00000147614","ATP6V0D2"
"245973","ENSG00000143882","ATP6V1C2"
"50617","ENSG00000105929","ATP6V0A4"
"51382","ENSG00000100554","ATP6V1D"
"51606","ENSG00000047249","ATP6V1H"
"523","ENSG00000114573","ATP6V1A"
"525","ENSG00000116039","ATP6V1B1"
"526","ENSG00000147416","ATP6V1B2"
"527","ENSG00000185883","ATP6V0C"
"528","ENSG00000155097","ATP6V1C1"
"529","ENSG00000131100","ATP6V1E1"
"533","ENSG00000117410","ATP6V0B"
"534","ENSG00000213760","ATP6V1G2"
"535","ENSG00000033627","ATP6V0A1"
"537","ENSG00000071553","ATP6AP1"
"8992","ENSG00000113732","ATP6V0E1"
"90423","ENSG00000250565","ATP6V1E2"
"9114","ENSG00000159720","ATP6V0D1"
"9296","ENSG00000128524","ATP6V1F"
"9550","ENSG00000136888","ATP6V1G1"
"1513","ENSG00000143387","CTSK"
"54","ENSG00000102575","ACP5"
"8741","ENSG00000161955","TNFSF13"
"10673","ENSG00000102524","TNFSF13B"
"3683","ENSG00000005844","ITGAL"
"941","ENSG00000121594","CD80"
"942","ENSG00000114013","CD86"
"940","ENSG00000178562","CD28"
"3606","ENSG00000150782","IL18"
"3576","ENSG00000169429","CXCL8"
"414062","ENSG00000276085","CCL3L3"
"6348","ENSG00000277632","CCL3"
"6349","ENSG00000277796","CCL3L1"
"1493","ENSG00000163599","CTLA4"
"5741","ENSG00000152266","PTH"
"762","ENSG00000167434","CA4"
"2746","ENSG00000148672","GLUD1"
"2747","ENSG00000182890","GLUD2"
"10991","ENSG00000188338","SLC38A3"
"1468","ENSG00000183048","SLC25A10"
"4190","ENSG00000014641","MDH1"
"51422","ENSG00000106617","PRKAG2"
"53632","ENSG00000115592","PRKAG3"
"5564","ENSG00000111725","PRKAB1"
"5565","ENSG00000131791","PRKAB2"
"5571","ENSG00000181929","PRKAG1"
"100132074","ENSG00000204060","FOXO6"
"4303","ENSG00000184481","FOXO4"
"8471","ENSG00000133124","IRS4"
"8660","ENSG00000185950","IRS2"
"6789","ENSG00000101109","STK4"
"6502","ENSG00000145604","SKP2"
"23411","ENSG00000096717","SIRT1"
"85417","ENSG00000147082","CCNB3"
"891","ENSG00000134057","CCNB1"
"9133","ENSG00000157456","CCNB2"
"1030","ENSG00000147883","CDKN2B"
"1032","ENSG00000129355","CDKN2D"
"10733","ENSG00000142731","PLK4"
"10769","ENSG00000145632","PLK2"
"1263","ENSG00000173846","PLK3"
"5347","ENSG00000166851","PLK1"
"10912","ENSG00000130222","GADD45G"
"1647","ENSG00000116717","GADD45A"
"4616","ENSG00000099860","GADD45B"
"8743","ENSG00000121858","TNFSF10"
"604","ENSG00000113916","BCL6"
"847","ENSG00000121691","CAT"
"6648","ENSG00000112096","SOD2"
"472","ENSG00000149311","ATM"
"10365","ENSG00000127528","KLF2"
"1901","ENSG00000170989","S1PR1"
"8698","ENSG00000125910","S1PR4"
"5896","ENSG00000166349","RAG1"
"5897","ENSG00000175097","RAG2"
"2911","ENSG00000152822","GRM1"
"9454","ENSG00000051128","HOMER3"
"9455","ENSG00000103942","HOMER2"
"9456","ENSG00000152413","HOMER1"
"116986","ENSG00000135439","AGAP2"
"102800317","ENSG00000283900","TPTEP2-CSNK1E"
"1454","ENSG00000213923","CSNK1E"
"664","ENSG00000176171","BNIP3"
"11337","ENSG00000170296","GABARAP"
"11345","ENSG00000034713","GABARAPL2"
"23710","ENSG00000139112","GABARAPL1"
"9140","ENSG00000145782","ATG12"
"7046","ENSG00000106799","TGFBR1"
"7048","ENSG00000163513","TGFBR2"
"4088","ENSG00000166949","SMAD3"
"4089","ENSG00000141646","SMAD4"
"2290","ENSG00000176165","FOXG1"
"3586","ENSG00000136634","IL10"
"51701","ENSG00000087095","NLK"
"80854","ENSG00000145391","SETD7"
"3276","ENSG00000126457","PRMT1"
"7874","ENSG00000187555","USP7"
"114907","ENSG00000156804","FBXO32"
"26260","ENSG00000147364","FBXO25"
"6517","ENSG00000181856","SLC2A4"
"901","ENSG00000138764","CCNG2"
"4763","ENSG00000196712","NF1"
"581","ENSG00000087088","BAX"
"2621","ENSG00000183087","GAS6"
"558","ENSG00000167601","AXL"
"3084","ENSG00000157168","NRG1"
"9542","ENSG00000158458","NRG2"
"5924","ENSG00000113319","RASGRF2"
"11221","ENSG00000143507","DUSP10"
"1843","ENSG00000120129","DUSP1"
"1844","ENSG00000158050","DUSP2"
"1846","ENSG00000120875","DUSP4"
"1847","ENSG00000138166","DUSP5"
"1848","ENSG00000139318","DUSP6"
"1849","ENSG00000164086","DUSP7"
"1850","ENSG00000184545","DUSP8"
"1852","ENSG00000130829","DUSP9"
"80824","ENSG00000111266","DUSP16"
"1845","ENSG00000108861","DUSP3"
"5778","ENSG00000143851","PTPN7"
"5801","ENSG00000153233","PTPRR"
"84867","ENSG00000110786","PTPN5"
"5495","ENSG00000138032","PPM1B"
"9448","ENSG00000071054","MAP4K4"
"100137049","ENSG00000243708","PLA2G4B"
"123745","ENSG00000188089","PLA2G4E"
"255189","ENSG00000168907","PLA2G4F"
"283748","ENSG00000159337","PLA2G4D"
"5321","ENSG00000116711","PLA2G4A"
"8605","ENSG00000105499","PLA2G4C"
"8681","ENSG00000168970","JMJD7-PLA2G4B"
"3925","ENSG00000117632","STMN1"
"4137","ENSG00000186868","MAPT"
"4791","ENSG00000077150","NFKB2"
"5971","ENSG00000104856","RELB"
"8649","ENSG00000109270","LAMTOR3"
"9693","ENSG00000109756","RAPGEF2"
"5922","ENSG00000155903","RASA2"
"10125","ENSG00000172575","RASGRP1"
"10235","ENSG00000068831","RASGRP2"
"115727","ENSG00000171777","RASGRP4"
"25780","ENSG00000152689","RASGRP3"
"2768","ENSG00000146535","GNA12"
"10368","ENSG00000006116","CACNG3"
"10369","ENSG00000166862","CACNG2"
"27091","ENSG00000075429","CACNG5"
"27092","ENSG00000075461","CACNG4"
"55799","ENSG00000157445","CACNA2D3"
"59283","ENSG00000142408","CACNG8"
"59284","ENSG00000105605","CACNG7"
"59285","ENSG00000130433","CACNG6"
"773","ENSG00000141837","CACNA1A"
"774","ENSG00000148408","CACNA1B"
"777","ENSG00000198216","CACNA1E"
"781","ENSG00000153956","CACNA2D1"
"782","ENSG00000067191","CACNB1"
"783","ENSG00000165995","CACNB2"
"784","ENSG00000167535","CACNB3"
"785","ENSG00000182389","CACNB4"
"786","ENSG00000108878","CACNG1"
"8911","ENSG00000100346","CACNA1I"
"8912","ENSG00000196557","CACNA1H"
"8913","ENSG00000006283","CACNA1G"
"9254","ENSG00000007402","CACNA2D2"
"93589","ENSG00000151062","CACNA2D4"
"5598","ENSG00000166484","MAPK7"
"5607","ENSG00000137764","MAP2K5"
"994","ENSG00000101224","CDC25B"
"7867","ENSG00000114738","MAPKAPK3"
"9261","ENSG00000162889","MAPKAPK2"
"4208","ENSG00000081189","MEF2C"
"4149","ENSG00000125952","MAX"
"1649","ENSG00000175197","DDIT3"
"2005","ENSG00000158711","ELK4"
"5536","ENSG00000011485","PPP5C"
"5494","ENSG00000100614","PPM1A"
"51347","ENSG00000135090","TAOK3"
"57551","ENSG00000160551","TAOK1"
"9344","ENSG00000149930","TAOK2"
"4216","ENSG00000085511","MAP3K4"
"3315","ENSG00000106211","HSPB1"
"9064","ENSG00000142733","MAP3K6"
"51776","ENSG00000091436","MAP3K20"
"7786","ENSG00000139625","MAP3K12"
"9175","ENSG00000073803","MAP3K13"
"5871","ENSG00000168067","MAP4K2"
"6788","ENSG00000104375","STK3"
"51295","ENSG00000130159","ECSIT"
"7189","ENSG00000175104","TRAF6"
"1616","ENSG00000204209","DAXX"
"929","ENSG00000170458","CD14"
"3554","ENSG00000115594","IL1R1"
"3556","ENSG00000196083","IL1RAP"
"8550","ENSG00000089022","MAPKAPK5"
"10746","ENSG00000169967","MAP3K2"
"4215","ENSG00000198909","MAP3K3"
"23542","ENSG00000008735","MAPK8IP2"
"9479","ENSG00000121653","MAPK8IP1"
"4296","ENSG00000173327","MAP3K11"
"408","ENSG00000137486","ARRB1"
"409","ENSG00000141480","ARRB2"
"2122","ENSG00000085276","MECOM"
"3303","ENSG00000204389","HSPA1A"
"3304","ENSG00000204388","HSPA1B"
"3305","ENSG00000204390","HSPA1L"
"3306","ENSG00000126803","HSPA2"
"3310","ENSG00000173110","HSPA6"
"3312","ENSG00000109971","HSPA8"
"3727","ENSG00000130522","JUND"
"4772","ENSG00000131196","NFATC1"
"23162","ENSG00000138834","MAPK8IP3"
"4214","ENSG00000095015","MAP3K1"
"11184","ENSG00000104814","MAP4K1"
"8491","ENSG00000011566","MAP4K3"
"6722","ENSG00000112658","SRF"
"27330","ENSG00000072133","RPS6KA6"
"6195","ENSG00000117676","RPS6KA1"
"6196","ENSG00000071242","RPS6KA2"
"6197","ENSG00000177189","RPS6KA3"
"2872","ENSG00000099875","MKNK2"
"8569","ENSG00000079277","MKNK1"
"4615","ENSG00000172936","MYD88"
"3654","ENSG00000184216","IRAK1"
"51135","ENSG00000198001","IRAK4"
"999","ENSG00000039068","CDH1"
"4286","ENSG00000187098","MITF"
"1029","ENSG00000147889","CDKN2A"
"578","ENSG00000030110","BAK1"
"1643","ENSG00000134574","DDB2"
"51426","ENSG00000122008","POLK"
"51380","ENSG00000139631","CSAD"
"2571","ENSG00000128683","GAD1"
"2572","ENSG00000136750","GAD2"
"1036","ENSG00000129596","CDO1"
"84890","ENSG00000181915","ADO"
"339896","ENSG00000144644","GADL1"
"124975","ENSG00000167741","GGT6"
"2678","ENSG00000100031","GGT1"
"2686","ENSG00000131067","GGT7"
"2687","ENSG00000099998","GGT5"
"231","ENSG00000085662","AKR1B1"
"57016","ENSG00000198074","AKR1B10"
"6652","ENSG00000140263","SORD"
"3795","ENSG00000138030","KHK"
"5207","ENSG00000158571","PFKFB1"
"5208","ENSG00000123836","PFKFB2"
"5209","ENSG00000170525","PFKFB3"
"5210","ENSG00000114268","PFKFB4"
"4351","ENSG00000178802","MPI"
"5372","ENSG00000100417","PMM1"
"5373","ENSG00000140650","PMM2"
"8790","ENSG00000254685","FPGT"
"7264","ENSG00000104522","TSTA3"
"2762","ENSG00000112699","GMDS"
"29925","ENSG00000173540","GMPPB"
"29926","ENSG00000144591","GMPPA"
"7167","ENSG00000111669","TPI1"
"226","ENSG00000149925","ALDOA"
"229","ENSG00000136872","ALDOB"
"230","ENSG00000109107","ALDOC"
"26007","ENSG00000149476","TKFC"
"2203","ENSG00000165140","FBP1"
"8789","ENSG00000130957","FBP2"
"197258","ENSG00000157353","FCSK"
"55556","ENSG00000132199","ENOSF1"
"3292","ENSG00000108786","HSD17B1"
"3294","ENSG00000086696","HSD17B2"
"51144","ENSG00000149084","HSD17B12"
"51478","ENSG00000132196","HSD17B7"
"7923","ENSG00000204228","HSD17B8"
"8630","ENSG00000025423","HSD17B6"
"412","ENSG00000101846","STS"
"6820","ENSG00000088002","SULT2B1"
"1583","ENSG00000140459","CYP11A1"
"1586","ENSG00000148795","CYP17A1"
"1589","ENSG00000231852","CYP21A2"
"3283","ENSG00000203857","HSD3B1"
"3284","ENSG00000203859","HSD3B2"
"9420","ENSG00000172817","CYP7B1"
"1584","ENSG00000160882","CYP11B1"
"1585","ENSG00000179142","CYP11B2"
"100861540","ENSG00000282301","CYP3A7-CYP3A51P"
"1543","ENSG00000140465","CYP1A1"
"1544","ENSG00000140505","CYP1A2"
"1551","ENSG00000160870","CYP3A7"
"1577","ENSG00000106258","CYP3A5"
"8644","ENSG00000196139","AKR1C3"
"6715","ENSG00000145545","SRD5A1"
"79644","ENSG00000128039","SRD5A3"
"1646","ENSG00000151632","AKR1C2"
"6718","ENSG00000122787","AKR1D1"
"1109","ENSG00000198610","AKR1C4"
"1645","ENSG00000187134","AKR1C1"
"3290","ENSG00000117594","HSD11B1"
"374875","ENSG00000167733","HSD11B1L"
"3291","ENSG00000176387","HSD11B2"
"79154","ENSG00000278535","DHRS11"
"3293","ENSG00000130948","HSD17B3"
"1588","ENSG00000137869","CYP19A1"
"1312","ENSG00000093010","COMT"
"220074","ENSG00000184154","LRTOMT"
"1545","ENSG00000138061","CYP1B1"
"6783","ENSG00000109193","SULT1E1"
"1571","ENSG00000130649","CYP2E1"
"887","ENSG00000110148","CCKBR"
"3274","ENSG00000113749","HRH2"
"495","ENSG00000105675","ATP4A"
"496","ENSG00000186009","ATP4B"
"2520","ENSG00000184502","GAST"
"3776","ENSG00000082482","KCNK2"
"54207","ENSG00000100433","KCNK10"
"389015","ENSG00000180251","SLC9A4"
"115111","ENSG00000147606","SLC26A7"
"9992","ENSG00000159197","KCNE2"
"6752","ENSG00000180616","SSTR2"
"6750","ENSG00000157005","SST"
"3758","ENSG00000151704","KCNJ1"
"3759","ENSG00000123700","KCNJ2"
"3766","ENSG00000177807","KCNJ10"
"3772","ENSG00000157551","KCNJ15"
"3773","ENSG00000153822","KCNJ16"
"163688","ENSG00000169885","CALML6"
"51806","ENSG00000178372","CALML5"
"801","ENSG00000198668","CALM1"
"805","ENSG00000143933","CALM2"
"808","ENSG00000160014","CALM3"
"810","ENSG00000178363","CALML3"
"91860","ENSG00000129007","CALML4"
"7137","ENSG00000129991","TNNI3"
"134","ENSG00000163485","ADORA1"
"154","ENSG00000169252","ADRB2"
"1813","ENSG00000149295","DRD2"
"1909","ENSG00000151617","EDNRA"
"2550","ENSG00000204681","GABBR1"
"2693","ENSG00000121853","GHSR"
"27198","ENSG00000196917","HCAR1"
"2867","ENSG00000126262","FFAR2"
"3350","ENSG00000178394","HTR1A"
"3351","ENSG00000135312","HTR1B"
"3352","ENSG00000179546","HTR1D"
"3354","ENSG00000168830","HTR1E"
"3355","ENSG00000179097","HTR1F"
"338442","ENSG00000182782","HCAR2"
"4886","ENSG00000164128","NPY1R"
"5021","ENSG00000180914","OXTR"
"56670","ENSG00000198829","SUCNR1"
"5733","ENSG00000050628","PTGER3"
"6751","ENSG00000139874","SSTR1"
"6755","ENSG00000162009","SSTR5"
"8843","ENSG00000255398","HCAR3"
"9568","ENSG00000136928","GABBR2"
"5350","ENSG00000198523","PLN"
"10411","ENSG00000079337","RAPGEF3"
"64411","ENSG00000120318","ARAP3"
"1258","ENSG00000070729","CNGB1"
"1259","ENSG00000198515","CNGA1"
"1260","ENSG00000183862","CNGA2"
"1261","ENSG00000144191","CNGA3"
"1262","ENSG00000132259","CNGA4"
"54714","ENSG00000170289","CNGB3"
"814","ENSG00000152495","CAMK4"
"135","ENSG00000128271","ADORA2A"
"153","ENSG00000043591","ADRB1"
"1812","ENSG00000184845","DRD1"
"1816","ENSG00000169676","DRD5"
"2492","ENSG00000170820","FSHR"
"2696","ENSG00000010310","GIPR"
"3360","ENSG00000164270","HTR4"
"3362","ENSG00000158748","HTR6"
"3973","ENSG00000138039","LHCGR"
"4158","ENSG00000185231","MC2R"
"4881","ENSG00000169418","NPR1"
"5732","ENSG00000125384","PTGER2"
"7253","ENSG00000165409","TSHR"
"7434","ENSG00000106018","VIPR2"
"4301","ENSG00000130396","AFDN"
"10846","ENSG00000112541","PDE10A"
"5139","ENSG00000172572","PDE3A"
"5140","ENSG00000152270","PDE3B"
"5141","ENSG00000065989","PDE4A"
"5142","ENSG00000184588","PDE4B"
"5143","ENSG00000105650","PDE4C"
"5144","ENSG00000113448","PDE4D"
"2737","ENSG00000106571","GLI3"
"5465","ENSG00000186951","PPARA"
"6662","ENSG00000125398","SOX9"
"55811","ENSG00000143199","ADCY10"
"5337","ENSG00000075651","PLD1"
"5338","ENSG00000129219","PLD2"
"3991","ENSG00000079435","LIPE"
"4852","ENSG00000122585","NPY"
"51738","ENSG00000157017","GHRL"
"2890","ENSG00000155511","GRIA1"
"2891","ENSG00000120251","GRIA2"
"2892","ENSG00000125675","GRIA3"
"2893","ENSG00000152578","GRIA4"
"116443","ENSG00000198785","GRIN3A"
"116444","ENSG00000116032","GRIN3B"
"2902","ENSG00000176884","GRIN1"
"2903","ENSG00000183454","GRIN2A"
"2904","ENSG00000273079","GRIN2B"
"2905","ENSG00000161509","GRIN2C"
"2906","ENSG00000105464","GRIN2D"
"84876","ENSG00000276045","ORAI1"
"5348","ENSG00000266964","FXYD1"
"10021","ENSG00000138622","HCN4"
"610","ENSG00000099822","HCN2"
"84152","ENSG00000131771","PPP1R1B"
"268","ENSG00000104899","AMH"
"2735","ENSG00000111087","GLI1"
"64399","ENSG00000164161","HHIP"
"51","ENSG00000161533","ACOX1"
"8310","ENSG00000087008","ACOX3"
"1081","ENSG00000135346","CGA"
"2488","ENSG00000131808","FSHB"
"5020","ENSG00000101405","OXT"
"5443","ENSG00000115138","POMC"
"4878","ENSG00000175206","NPPA"
"1907","ENSG00000127129","EDN2"
"1908","ENSG00000124205","EDN3"
"7432","ENSG00000146469","VIP"
"7252","ENSG00000134200","TSHB"
"3972","ENSG00000104826","LHB"
"4583","ENSG00000284971","MUC2"
"4843","ENSG00000007171","NOS2"
"3592","ENSG00000168811","IL12A"
"338382","ENSG00000276600","RAB7B"
"5868","ENSG00000144566","RAB5A"
"5869","ENSG00000111540","RAB5B"
"5878","ENSG00000108774","RAB5C"
"7879","ENSG00000075785","RAB7A"
"909","ENSG00000158477","CD1A"
"910","ENSG00000158485","CD1B"
"911","ENSG00000158481","CD1C"
"912","ENSG00000158473","CD1D"
"913","ENSG00000158488","CD1E"
"383","ENSG00000118520","ARG1"
"384","ENSG00000081181","ARG2"
"5052","ENSG00000117450","PRDX1"
"2774","ENSG00000141404","GNAL"
"2769","ENSG00000060558","GNA15"
"9630","ENSG00000156049","GNA14"
"1511","ENSG00000100448","CTSG"
"5269","ENSG00000124570","SERPINB6"
"5272","ENSG00000170542","SERPINB9"
"5273","ENSG00000242550","SERPINB10"
"5275","ENSG00000197641","SERPINB13"
"6317","ENSG00000057149","SERPINB3"
"6318","ENSG00000206073","SERPINB4"
"290","ENSG00000166825","ANPEP"
"257202","ENSG00000198704","GPX6"
"2876","ENSG00000233276","GPX1"
"2877","ENSG00000176153","GPX2"
"2878","ENSG00000211445","GPX3"
"2880","ENSG00000224586","GPX5"
"2882","ENSG00000116157","GPX7"
"493869","ENSG00000164294","GPX8"
"2879","ENSG00000167468","GPX4"
"51060","ENSG00000117862","TXNDC12"
"2937","ENSG00000100983","GSS"
"2729","ENSG00000001084","GCLC"
"2730","ENSG00000023909","GCLM"
"26873","ENSG00000178814","OPLAH"
"79017","ENSG00000006625","GGCT"
"51471","ENSG00000204872","NAT8B"
"9027","ENSG00000144035","NAT8"
"119391","ENSG00000065621","GSTO2"
"221357","ENSG00000182793","GSTA5"
"27306","ENSG00000163106","HPGDS"
"2938","ENSG00000243955","GSTA1"
"2939","ENSG00000244067","GSTA2"
"2940","ENSG00000174156","GSTA3"
"2941","ENSG00000170899","GSTA4"
"2944","ENSG00000134184","GSTM1"
"2946","ENSG00000213366","GSTM2"
"2947","ENSG00000134202","GSTM3"
"2948","ENSG00000168765","GSTM4"
"2949","ENSG00000134201","GSTM5"
"2952","ENSG00000277656","GSTT1"
"2953","ENSG00000099984","GSTT2"
"373156","ENSG00000197448","GSTK1"
"4257","ENSG00000008394","MGST1"
"4258","ENSG00000085871","MGST2"
"4259","ENSG00000143198","MGST3"
"653689","ENSG00000133433","GSTT2B"
"9446","ENSG00000148834","GSTO1"
"2936","ENSG00000104687","GSR"
"5226","ENSG00000142657","PGD"
"4953","ENSG00000115758","ODC1"
"6723","ENSG00000116649","SRM"
"6611","ENSG00000102172","SMS"
"50484","ENSG00000048392","RRM2B"
"6240","ENSG00000167325","RRM1"
"6241","ENSG00000171848","RRM2"
"51056","ENSG00000002549","LAP3"
"494143","ENSG00000143942","CHAC2"
"79094","ENSG00000128965","CHAC1"
"9588","ENSG00000117592","PRDX6"
"4035","ENSG00000123384","LRP1"
"975","ENSG00000110651","CD81"
"2532","ENSG00000213088","ACKR1"
"2993","ENSG00000170180","GYPA"
"2994","ENSG00000250361","GYPB"
"2995","ENSG00000136732","GYPC"
"5175","ENSG00000261371","PECAM1"
"3039","ENSG00000206172","HBA1"
"3040","ENSG00000188536","HBA2"
"3043","ENSG00000244734","HBB"
"54106","ENSG00000239732","TLR9"
"959","ENSG00000102245","CD40LG"
"958","ENSG00000101017","CD40"
"100528032","ENSG00000213809","KLRC4-KLRK1"
"22914","ENSG00000213809","KLRK1"
"3820","ENSG00000111796","KLRB1"
"6403","ENSG00000174175","SELP"
"6770","ENSG00000147465","STAR"
"10965","ENSG00000119673","ACOT2"
"122970","ENSG00000177465","ACOT4"
"641371","ENSG00000184227","ACOT1"
"240","ENSG00000012779","ALOX5"
"1573","ENSG00000134716","CYP2J2"
"9210","ENSG00000130385","BMP15"
"654","ENSG00000153162","BMP6"
"3632","ENSG00000068383","INPP5A"
"3636","ENSG00000165458","INPPL1"
"5792","ENSG00000142949","PTPRF"
"5770","ENSG00000196396","PTPN1"
"122809","ENSG00000180008","SOCS4"
"8651","ENSG00000185338","SOCS1"
"8835","ENSG00000120833","SOCS2"
"2194","ENSG00000169710","FASN"
"5506","ENSG00000154415","PPP1R3A"
"5507","ENSG00000119938","PPP1R3C"
"5509","ENSG00000132825","PPP1R3D"
"79660","ENSG00000173281","PPP1R3B"
"89801","ENSG00000049769","PPP1R3F"
"90673","ENSG00000235194","PPP1R3E"
"5255","ENSG00000067177","PHKA1"
"5256","ENSG00000044446","PHKA2"
"5257","ENSG00000102893","PHKB"
"5260","ENSG00000164776","PHKG1"
"5261","ENSG00000156873","PHKG2"
"5573","ENSG00000108946","PRKAR1A"
"5575","ENSG00000188191","PRKAR1B"
"5576","ENSG00000114302","PRKAR2A"
"5577","ENSG00000005249","PRKAR2B"
"31","ENSG00000278540","ACACA"
"32","ENSG00000076555","ACACB"
"5834","ENSG00000100994","PYGB"
"5836","ENSG00000100504","PYGL"
"5837","ENSG00000068976","PYGM"
"9322","ENSG00000125733","TRIP10"
"23265","ENSG00000182473","EXOC7"
"10891","ENSG00000109819","PPARGC1A"
"10580","ENSG00000095637","SORBS1"
"23433","ENSG00000119729","RHOQ"
"6720","ENSG00000072310","SREBF1"
"5584","ENSG00000163558","PRKCI"
"10603","ENSG00000160999","SH2B2"
"868","ENSG00000114423","CBLB"
"10211","ENSG00000137312","FLOT1"
"2319","ENSG00000132589","FLOT2"
"2642","ENSG00000215644","GCGR"
"139420","ENSG00000224960","PPP4R3C"
"5531","ENSG00000149923","PPP4C"
"55671","ENSG00000100796","PPP4R3A"
"57223","ENSG00000275052","PPP4R3B"
"23235","ENSG00000170145","SIK2"
"102724428","ENSG00000275993","SIK1B"
"150094","ENSG00000142178","SIK1"
"126129","ENSG00000169169","CPT1C"
"1374","ENSG00000110090","CPT1A"
"1375","ENSG00000205560","CPT1B"
"10999","ENSG00000167114","SLC27A4"
"11000","ENSG00000143554","SLC27A3"
"11001","ENSG00000140284","SLC27A2"
"28965","ENSG00000113396","SLC27A6"
"376497","ENSG00000130304","SLC27A1"
"5580","ENSG00000163932","PRKCD"
"5588","ENSG00000065675","PRKCQ"
"9882","ENSG00000136111","TBC1D4"
"5524","ENSG00000119383","PTPA"
"5581","ENSG00000171132","PRKCE"
"22877","ENSG00000175727","MLXIP"
"51085","ENSG00000009950","MLXIPL"
"6945","ENSG00000108788","MLX"
"133522","ENSG00000155846","PPARGC1B"
"57761","ENSG00000101255","TRIB3"
"10062","ENSG00000025434","NR1H3"
"7376","ENSG00000131408","NR1H2"
"2673","ENSG00000198380","GFPT1"
"9945","ENSG00000131459","GFPT2"
"10724","ENSG00000198408","OGA"
"8473","ENSG00000147162","OGT"
"183","ENSG00000135744","AGT"
"2100","ENSG00000140009","ESR2"
"2852","ENSG00000164850","GPER1"
"10498","ENSG00000142453","CARM1"
"5469","ENSG00000125686","MED1"
"8202","ENSG00000124151","NCOA3"
"3714","ENSG00000184916","JAG2"
"4851","ENSG00000148400","NOTCH1"
"4853","ENSG00000134250","NOTCH2"
"4854","ENSG00000074181","NOTCH3"
"4855","ENSG00000204301","NOTCH4"
"1031","ENSG00000123080","CDKN2C"
"638","ENSG00000100290","BIK"
"6667","ENSG00000185591","SP1"
"9611","ENSG00000141027","NCOR1"
"107987478","ENSG00000272532","LOC107987478"
"107987479","ENSG00000272532","LOC107987479"
"1564","ENSG00000205702","CYP2D7"
"1565","ENSG00000100197","CYP2D6"
"10683","ENSG00000090932","DLL3"
"28514","ENSG00000198719","DLL1"
"54567","ENSG00000128917","DLL4"
"9370","ENSG00000181092","ADIPOQ"
"3382","ENSG00000003147","ICA1"
"1363","ENSG00000109472","CPE"
"5798","ENSG00000054356","PTPRN"
"5799","ENSG00000155093","PTPRN2"
"3329","ENSG00000144381","HSPD1"
"3002","ENSG00000100453","GZMB"
"3105","ENSG00000206503","HLA-A"
"3106","ENSG00000234745","HLA-B"
"3107","ENSG00000204525","HLA-C"
"3133","ENSG00000204592","HLA-E"
"3134","ENSG00000204642","HLA-F"
"3135","ENSG00000204632","HLA-G"
"5551","ENSG00000180644","PRF1"
